,Date,Squad,Time,Comp,Round,Day,Venue,Result,GF,GA,Opponent,xG,xGA,Poss,Attendance,Captain,Formation,Opp Formation,Referee,Resume
0,2024-08-17,Arsenal,15:00,Premier League,Matchweek 1,Sat,Home,W,2,0,Wolves,1.2,0.5,53.0,60261.0,Martin Ødegaard,4-3-3,4-2-3-1,Jarred Gillett,2024-08-17_15:00_Arsenal_Wolves
1,2024-08-24,Arsenal,17:30,Premier League,Matchweek 2,Sat,Away,W,2,0,Aston Villa,0.9,1.2,60.0,41587.0,Martin Ødegaard,4-3-3,4-4-2,Michael Oliver,2024-08-24_17:30_Arsenal_Aston Villa
2,2024-08-31,Arsenal,12:30,Premier League,Matchweek 3,Sat,Home,D,1,1,Brighton,2.1,1.7,36.0,60326.0,Martin Ødegaard,4-3-3,4-2-3-1,Chris Kavanagh,2024-08-31_12:30_Arsenal_Brighton
3,2024-09-15,Arsenal,14:00,Premier League,Matchweek 4,Sun,Away,W,1,0,Tottenham,0.7,0.7,37.0,61645.0,Jorginho,4-4-2,4-3-3,Jarred Gillett,2024-09-15_14:00_Arsenal_Tottenham
4,2024-09-19,Arsenal,21:00 ,Champions Lg,League phase,Thu,Away,D,0,0,it Atalanta,0.8,1.2,46.0,22858.0,Gabriel Jesus,4-3-3,3-4-3,Clément Turpin,2024-09-19_21:00 (20:00)_Arsenal_it Atalanta
5,2024-09-22,Arsenal,16:30,Premier League,Matchweek 5,Sun,Away,D,2,2,Manchester City,0.7,2.1,23.0,52846.0,Bukayo Saka,4-4-2,4-3-3,Michael Oliver,2024-09-22_16:30_Arsenal_Manchester City
6,2024-09-25,Arsenal,19:45,EFL Cup,Third round,Wed,Home,W,5,1,Bolton,0.0,0.0,77.0,59056.0,Jorginho,4-3-3,3-5-2,Joshua Smith,2024-09-25_19:45_Arsenal_Bolton
7,2024-09-28,Arsenal,15:00,Premier League,Matchweek 6,Sat,Home,W,4,2,Leicester City,4.4,0.3,74.0,60323.0,Bukayo Saka,4-4-2,4-2-3-1,Samuel Barrott,2024-09-28_15:00_Arsenal_Leicester City
8,2024-10-01,Arsenal,20:00,Champions Lg,League phase,Tue,Home,W,2,0,fr Paris S-G,0.7,0.4,35.0,60103.0,Bukayo Saka,4-4-2,4-3-3,Slavko Vinčič,2024-10-01_20:00_Arsenal_fr Paris S-G
9,2024-10-05,Arsenal,15:00,Premier League,Matchweek 7,Sat,Home,W,3,1,Southampton,2.8,0.6,59.0,60307.0,Jorginho,4-4-2,5-4-1,Tony Harrington,2024-10-05_15:00_Arsenal_Southampton
10,2024-10-19,Arsenal,17:30,Premier League,Matchweek 8,Sat,Away,L,0,2,Bournemouth,0.7,1.8,51.0,11235.0,Gabriel Magalhães,4-2-3-1,4-2-3-1,Robert Jones,2024-10-19_17:30_Arsenal_Bournemouth
11,2024-10-22,Arsenal,20:00,Champions Lg,League phase,Tue,Home,W,1,0,ua Shakhtar,1.8,0.7,56.0,59594.0,Gabriel Jesus,4-4-2,4-2-3-1,Benoît Bastien,2024-10-22_20:00_Arsenal_ua Shakhtar
12,2024-10-27,Arsenal,16:30 ,Premier League,Matchweek 9,Sun,Home,D,2,2,Liverpool,0.9,0.8,45.0,60383.0,Bukayo Saka,4-4-2,4-2-3-1,Anthony Taylor,2024-10-27_16:30 (17:30)_Arsenal_Liverpool
13,2024-10-30,Arsenal,19:45 ,EFL Cup,Fourth round,Wed,Away,W,3,0,Preston,0.0,0.0,74.0,21811.0,Jorginho,4-3-3,4-2-3-1,Peter Bankes,2024-10-30_19:45 (20:45)_Arsenal_Preston
14,2024-11-02,Arsenal,12:30 ,Premier League,Matchweek 10,Sat,Away,L,0,1,Newcastle Utd,1.1,0.5,63.0,52249.0,Bukayo Saka,4-4-2,4-3-3,John Brooks,2024-11-02_12:30 (13:30)_Arsenal_Newcastle Utd
15,2024-11-06,Arsenal,21:00,Champions Lg,League phase,Wed,Away,L,0,1,it Inter,1.8,1.1,62.0,75222.0,Bukayo Saka,4-4-2,3-5-2,István Kovács,2024-11-06_21:00_Arsenal_it Inter
16,2024-11-10,Arsenal,16:30 ,Premier League,Matchweek 11,Sun,Away,D,1,1,Chelsea,1.5,1.5,51.0,39780.0,Martin Ødegaard,4-3-3,4-2-3-1,Michael Oliver,2024-11-10_16:30 (17:30)_Arsenal_Chelsea
17,2024-11-23,Arsenal,15:00 ,Premier League,Matchweek 12,Sat,Home,W,3,0,Nott'ham Forest,1.2,0.3,66.0,60298.0,Martin Ødegaard,4-3-3,4-2-3-1,Simon Hooper,2024-11-23_15:00 (16:00)_Arsenal_Nott'ham Forest
18,2024-11-26,Arsenal,20:00 ,Champions Lg,League phase,Tue,Away,W,5,1,pt Sporting CP,4.0,1.0,48.0,47386.0,Martin Ødegaard,4-3-3,3-4-3,Szymon Marciniak,2024-11-26_20:00 (21:00)_Arsenal_pt Sporting CP
19,2024-11-30,Arsenal,17:30 ,Premier League,Matchweek 13,Sat,Away,W,5,2,West Ham,3.5,1.5,60.0,62475.0,Martin Ødegaard,4-3-3,4-2-3-1,Anthony Taylor,2024-11-30_17:30 (18:30)_Arsenal_West Ham
20,2024-12-04,Arsenal,20:15 ,Premier League,Matchweek 14,Wed,Home,W,2,0,Manchester Utd,2.1,0.2,51.0,60256.0,Martin Ødegaard,4-3-3,3-4-3,Samuel Barrott,2024-12-04_20:15 (21:15)_Arsenal_Manchester Utd
21,2024-12-08,Arsenal,14:00 ,Premier League,Matchweek 15,Sun,Away,D,1,1,Fulham,1.8,0.2,66.0,26954.0,Martin Ødegaard,4-3-3,4-2-3-1,Chris Kavanagh,2024-12-08_14:00 (15:00)_Arsenal_Fulham
22,2024-12-11,Arsenal,20:00 ,Champions Lg,League phase,Wed,Home,W,3,0,fr Monaco,2.3,0.5,54.0,60157.0,Martin Ødegaard,4-3-3,4-2-3-1,Davide Massa,2024-12-11_20:00 (21:00)_Arsenal_fr Monaco
23,2024-12-14,Arsenal,15:00 ,Premier League,Matchweek 16,Sat,Home,D,0,0,Everton,1.2,0.1,76.0,60176.0,Martin Ødegaard,4-3-3,4-3-3,Craig Pawson,2024-12-14_15:00 (16:00)_Arsenal_Everton
24,2024-12-18,Arsenal,19:30 ,EFL Cup,Quarter-finals,Wed,Home,W,3,2,Crystal Palace,0.0,0.0,71.0,51059.6,Jorginho,4-3-3,3-4-3,Andy Madley,2024-12-18_19:30 (20:30)_Arsenal_Crystal Palace
25,2024-12-21,Arsenal,17:30 ,Premier League,Matchweek 17,Sat,Away,W,5,1,Crystal Palace,2.5,1.6,58.0,25167.0,Martin Ødegaard,4-3-3,3-4-3,Simon Hooper,2024-12-21_17:30 (18:30)_Arsenal_Crystal Palace
26,2024-12-27,Arsenal,20:15 ,Premier League,Matchweek 18,Fri,Home,W,1,0,Ipswich Town,1.8,0.2,68.0,60271.0,Martin Ødegaard,4-3-3,5-4-1,Darren England,2024-12-27_20:15 (21:15)_Arsenal_Ipswich Town
27,2025-01-01,Arsenal,17:30 ,Premier League,Matchweek 19,Wed,Away,W,3,1,Brentford,1.9,0.3,50.0,47190.0,Martin Ødegaard,4-3-3,4-3-1-2,Peter Bankes,2025-01-01_17:30 (18:30)_Arsenal_Brentford
28,2025-01-04,Arsenal,17:30 ,Premier League,Matchweek 20,Sat,Away,D,1,1,Brighton,0.9,1.5,55.0,31714.0,Jorginho,4-3-3,4-2-3-1,Anthony Taylor,2025-01-04_17:30 (18:30)_Arsenal_Brighton
29,2025-01-07,Arsenal,20:00 ,EFL Cup,Semi-finals,Tue,Home,L,0,2,Newcastle Utd,0.0,0.0,70.0,59125.0,Martin Ødegaard,4-3-3,4-3-3,John Brooks,2025-01-07_20:00 (21:00)_Arsenal_Newcastle Utd
30,2025-01-12,Arsenal,15:00 ,FA Cup,Third round proper,Sun,Home,D,1 (3),1 (5),Manchester Utd,0.0,0.0,56.75,60109.0,Martin Ødegaard,4-3-3,3-4-3,Andy Madley,2025-01-12_15:00 (16:00)_Arsenal_Manchester Utd
31,2025-01-15,Arsenal,20:00 ,Premier League,Matchweek 21,Wed,Home,W,2,1,Tottenham,1.4,0.8,53.0,60287.0,Martin Ødegaard,4-3-3,4-3-3,Simon Hooper,2025-01-15_20:00 (21:00)_Arsenal_Tottenham
32,2025-01-18,Arsenal,17:30 ,Premier League,Matchweek 22,Sat,Home,D,2,2,Aston Villa,1.3,1.0,66.0,60067.0,Martin Ødegaard,4-3-3,4-2-3-1,Chris Kavanagh,2025-01-18_17:30 (18:30)_Arsenal_Aston Villa
33,2025-01-22,Arsenal,20:00 ,Champions Lg,League phase,Wed,Home,W,3,0,hr Dinamo Zagreb,2.4,0.1,63.0,60024.0,Martin Ødegaard,4-3-3,5-4-1,Daniel Siebert,2025-01-22_20:00 (21:00)_Arsenal_hr Dinamo Zagreb
34,2025-01-25,Arsenal,15:00 ,Premier League,Matchweek 23,Sat,Away,W,1,0,Wolves,1.0,0.7,49.0,31503.0,Gabriel Magalhães,4-3-3,3-4-3,Michael Oliver,2025-01-25_15:00 (16:00)_Arsenal_Wolves
35,2025-01-29,Arsenal,21:00,Champions Lg,League phase,Wed,Away,W,2,1,es Girona,2.1,0.7,61.0,9048.0,Martin Ødegaard,4-3-3,4-2-3-1,Maurizio Mariani,2025-01-29_21:00_Arsenal_es Girona
36,2025-02-02,Arsenal,16:30 ,Premier League,Matchweek 24,Sun,Home,W,5,1,Manchester City,1.0,0.8,46.0,60355.0,Martin Ødegaard,4-3-3,4-2-3-1,Peter Bankes,2025-02-02_16:30 (17:30)_Arsenal_Manchester City
37,2025-02-05,Arsenal,20:00 ,EFL Cup,Semi-finals,Wed,Away,L,0,2,Newcastle Utd,0.0,0.0,68.0,52173.0,Martin Ødegaard,4-3-3,5-4-1,Simon Hooper,2025-02-05_20:00 (21:00)_Arsenal_Newcastle Utd
38,2025-02-15,Arsenal,12:30 ,Premier League,Matchweek 25,Sat,Away,W,2,0,Leicester City,1.4,0.2,60.0,31968.0,Martin Ødegaard,4-3-3,4-2-3-1,Samuel Barrott,2025-02-15_12:30 (13:30)_Arsenal_Leicester City
39,2025-02-22,Arsenal,15:00 ,Premier League,Matchweek 26,Sat,Home,L,0,1,West Ham,1.2,1.1,68.0,60262.0,Martin Ødegaard,4-3-3,5-3-2,Craig Pawson,2025-02-22_15:00 (16:00)_Arsenal_West Ham
40,2025-02-26,Arsenal,19:30,Premier League,Matchweek 27,Wed,Away,D,0,0,Nott'ham Forest,1.0,0.4,64.0,30200.0,Martin Ødegaard,4-3-3,4-2-3-1,Andy Madley,2025-02-26_19:30_Arsenal_Nott'ham Forest
41,2025-03-04,Arsenal,21:00 ,Champions Lg,Round of 16,Tue,Away,W,7,1,nl PSV Eindhoven,1.9,1.4,47.0,34400.0,Martin Ødegaard,4-3-3,4-2-3-1,Jesús Gil,2025-03-04_21:00 (20:00)_Arsenal_nl PSV Eindhoven
42,2025-03-09,Arsenal,16:30,Premier League,Matchweek 28,Sun,Away,D,1,1,Manchester Utd,1.6,1.5,68.0,73812.0,Martin Ødegaard,4-3-3,3-4-3,Anthony Taylor,2025-03-09_16:30_Arsenal_Manchester Utd
43,2025-03-12,Arsenal,20:00,Champions Lg,Round of 16,Wed,Home,D,2,2,nl PSV Eindhoven,1.2,1.6,51.0,59410.0,Jorginho,4-3-3,4-3-3,Rade Obrenović,2025-03-12_20:00_Arsenal_nl PSV Eindhoven
44,2025-03-16,Arsenal,13:30,Premier League,Matchweek 29,Sun,Home,W,1,0,Chelsea,0.7,0.4,42.0,60311.0,Martin Ødegaard,4-3-3,4-2-3-1,Chris Kavanagh,2025-03-16_13:30_Arsenal_Chelsea
45,2025-04-01,Arsenal,19:45 ,Premier League,Matchweek 30,Tue,Home,W,2,1,Fulham,2.2,1.0,51.0,60256.0,Martin Ødegaard,4-3-3,3-4-3,John Brooks,2025-04-01_19:45 (18:45)_Arsenal_Fulham
46,2025-04-05,Arsenal,12:30 ,Premier League,Matchweek 31,Sat,Away,D,1,1,Everton,1.8,1.1,69.0,39316.0,Jorginho,4-3-3,4-2-3-1,Darren England,2025-04-05_12:30 (11:30)_Arsenal_Everton
47,2025-04-08,Arsenal,20:00,Champions Lg,Quarter-finals,Tue,Home,W,3,0,es Real Madrid,1.5,0.5,53.0,60110.0,Martin Ødegaard,4-3-3,4-4-2,Irfan Peljto,2025-04-08_20:00_Arsenal_es Real Madrid
48,2025-04-12,Arsenal,17:30,Premier League,Matchweek 32,Sat,Home,D,1,1,Brentford,1.0,0.2,63.0,60184.0,Jorginho,4-3-3,4-4-2,Simon Hooper,2025-04-12_17:30_Arsenal_Brentford
49,2025-04-16,Arsenal,21:00 ,Champions Lg,Quarter-finals,Wed,Away,W,2,1,es Real Madrid,2.0,1.4,34.0,77073.0,Martin Ødegaard,4-3-3,4-2-3-1,François Letexier,2025-04-16_21:00 (20:00)_Arsenal_es Real Madrid
50,2025-04-20,Arsenal,14:00,Premier League,Matchweek 33,Sun,Away,W,4,0,Ipswich Town,2.4,0.2,75.0,29549.0,Martin Ødegaard,4-3-3,4-4-1-1,Chris Kavanagh,2025-04-20_14:00_Arsenal_Ipswich Town
51,2025-04-23,Arsenal,20:00,Premier League,Matchweek 34,Wed,Home,D,2,2,Crystal Palace,1.2,1.7,67.0,60167.0,Martin Ødegaard,4-3-3,3-4-3,Michael Salisbury,2025-04-23_20:00_Arsenal_Crystal Palace
52,2025-04-29,Arsenal,20:00,Champions Lg,Semi-finals,Tue,Home,L,0,1,fr Paris S-G,1.7,1.2,49.0,59664.0,Martin Ødegaard,4-3-3,4-3-3,Slavko Vinčič,2025-04-29_20:00_Arsenal_fr Paris S-G
53,2025-05-03,Arsenal,17:30,Premier League,Matchweek 35,Sat,Home,L,1,2,Bournemouth,1.4,0.9,51.0,60110.0,Martin Ødegaard,4-3-3,4-2-3-1,Jarred Gillett,2025-05-03_17:30_Arsenal_Bournemouth
54,2025-05-07,Arsenal,21:00 ,Champions Lg,Semi-finals,Wed,Away,L,1,2,fr Paris S-G,2.8,1.7,54.0,47511.0,Martin Ødegaard,4-3-3,4-3-3,Felix Zwayer,2025-05-07_21:00 (20:00)_Arsenal_fr Paris S-G
55,2025-05-11,Arsenal,16:30,Premier League,Matchweek 36,Sun,Away,D,2,2,Liverpool,2.6,2.4,55.0,60324.0,Martin Ødegaard,4-3-3,4-2-3-1,Anthony Taylor,2025-05-11_16:30_Arsenal_Liverpool
56,2025-05-18,Arsenal,16:30,Premier League,Matchweek 37,Sun,Home,W,1,0,Newcastle Utd,0.6,1.5,51.0,60160.0,Martin Ødegaard,4-3-3,3-4-3,Simon Hooper,2025-05-18_16:30_Arsenal_Newcastle Utd
57,2025-05-25,Arsenal,16:00,Premier League,Matchweek 38,Sun,Away,W,2,1,Southampton,2.3,0.6,62.0,31289.0,Declan Rice,4-2-3-1,5-4-1,Darren Bond,2025-05-25_16:00_Arsenal_Southampton
58,2024-08-17,Aston Villa,17:30,Premier League,Matchweek 1,Sat,Away,W,2,1,West Ham,2.0,2.3,48.0,62463.0,John McGinn,4-2-3-1,4-1-4-1,Tony Harrington,2024-08-17_17:30_Aston Villa_West Ham
59,2024-08-31,Aston Villa,15:00,Premier League,Matchweek 3,Sat,Away,W,2,1,Leicester City,1.4,0.4,43.0,31725.0,John McGinn,4-4-2,4-2-3-1,David Coote,2024-08-31_15:00_Aston Villa_Leicester City
60,2024-09-14,Aston Villa,17:30,Premier League,Matchweek 4,Sat,Home,W,3,2,Everton,2.1,0.9,72.0,41573.0,John McGinn,4-2-3-1,4-2-3-1,Craig Pawson,2024-09-14_17:30_Aston Villa_Everton
61,2024-09-17,Aston Villa,18:45 ,Champions Lg,League phase,Tue,Away,W,3,0,ch Young Boys,2.0,0.6,53.0,31500.0,John McGinn,4-2-3-1,4-2-3-1,Georgi Kabakov,2024-09-17_18:45 (17:45)_Aston Villa_ch Young Boys
62,2024-09-21,Aston Villa,15:00,Premier League,Matchweek 5,Sat,Home,W,3,1,Wolves,1.7,0.5,53.0,39978.0,John McGinn,4-2-3-1,4-1-4-1,Tim Robinson,2024-09-21_15:00_Aston Villa_Wolves
63,2024-09-24,Aston Villa,20:00,EFL Cup,Third round,Tue,Away,W,2,1,Wycombe,0.0,0.0,71.0,8158.0,Emi Buendía,4-2-3-1,4-1-4-1,John Busby,2024-09-24_20:00_Aston Villa_Wycombe
64,2024-09-29,Aston Villa,14:00,Premier League,Matchweek 6,Sun,Away,D,2,2,Ipswich Town,0.8,1.2,56.0,29943.0,Emiliano Martínez,4-2-3-1,4-2-3-1,Stuart Attwell,2024-09-29_14:00_Aston Villa_Ipswich Town
65,2024-10-02,Aston Villa,20:00,Champions Lg,League phase,Wed,Home,W,1,0,de Bayern Munich,0.4,1.5,30.0,38991.0,Emiliano Martínez,4-2-3-1,4-2-3-1,Radu Petrescu,2024-10-02_20:00_Aston Villa_de Bayern Munich
66,2024-10-06,Aston Villa,14:00,Premier League,Matchweek 7,Sun,Home,D,0,0,Manchester Utd,0.5,0.6,53.0,42682.0,Emiliano Martínez,4-2-3-1,4-2-3-1,Robert Jones,2024-10-06_14:00_Aston Villa_Manchester Utd
67,2024-10-19,Aston Villa,15:00,Premier League,Matchweek 8,Sat,Away,W,3,1,Fulham,1.6,1.8,48.0,26743.0,Emiliano Martínez,4-2-3-1,4-2-3-1,Darren England,2024-10-19_15:00_Aston Villa_Fulham
68,2024-10-22,Aston Villa,20:00,Champions Lg,League phase,Tue,Home,W,2,0,it Bologna,1.2,0.9,53.0,41847.0,John McGinn,4-2-3-1,4-3-3,João Pinheiro,2024-10-22_20:00_Aston Villa_it Bologna
69,2024-10-26,Aston Villa,15:00,Premier League,Matchweek 9,Sat,Home,D,1,1,Bournemouth,1.8,0.3,57.0,42165.0,John McGinn,4-4-1-1,4-2-3-1,Chris Kavanagh,2024-10-26_15:00_Aston Villa_Bournemouth
70,2024-10-30,Aston Villa,19:45 ,EFL Cup,Fourth round,Wed,Home,L,1,2,Crystal Palace,0.0,0.0,62.0,39852.05,John McGinn,4-2-3-1,3-4-3,Samuel Barrott,2024-10-30_19:45 (20:45)_Aston Villa_Crystal Palace
71,2024-11-03,Aston Villa,14:00 ,Premier League,Matchweek 10,Sun,Away,L,1,4,Tottenham,1.8,2.4,49.0,61253.0,John McGinn,4-2-3-1,4-3-3,Craig Pawson,2024-11-03_14:00 (15:00)_Aston Villa_Tottenham
72,2024-11-06,Aston Villa,18:45,Champions Lg,League phase,Wed,Away,L,0,1,be Club Brugge,0.4,1.4,56.0,23466.0,John McGinn,4-2-3-1,4-2-3-1,Tobias Stieler,2024-11-06_18:45_Aston Villa_be Club Brugge
73,2024-11-09,Aston Villa,20:00 ,Premier League,Matchweek 11,Sat,Away,L,0,2,Liverpool,1.2,2.0,38.0,60292.0,Emiliano Martínez,4-2-3-1,4-2-3-1,David Coote,2024-11-09_20:00 (21:00)_Aston Villa_Liverpool
74,2024-11-23,Aston Villa,15:00 ,Premier League,Matchweek 12,Sat,Home,D,2,2,Crystal Palace,3.0,1.3,69.0,42175.0,John McGinn,4-2-3-1,3-4-3,Tim Robinson,2024-11-23_15:00 (16:00)_Aston Villa_Crystal Palace
75,2024-11-27,Aston Villa,20:00 ,Champions Lg,League phase,Wed,Home,D,0,0,it Juventus,1.2,0.4,46.0,42589.0,John McGinn,4-2-3-1,4-2-3-1,Jesús Gil,2024-11-27_20:00 (21:00)_Aston Villa_it Juventus
76,2024-12-01,Aston Villa,13:30 ,Premier League,Matchweek 13,Sun,Away,L,0,3,Chelsea,1.2,1.6,36.0,40853.0,John McGinn,4-2-3-1,4-2-3-1,Stuart Attwell,2024-12-01_13:30 (14:30)_Aston Villa_Chelsea
77,2024-12-04,Aston Villa,20:15 ,Premier League,Matchweek 14,Wed,Home,W,3,1,Brentford,2.4,0.9,49.0,42148.0,John McGinn,4-2-3-1,4-3-3,Lewis Smith,2024-12-04_20:15 (21:15)_Aston Villa_Brentford
78,2024-12-07,Aston Villa,15:00 ,Premier League,Matchweek 15,Sat,Home,W,1,0,Southampton,2.3,0.3,47.0,42453.0,John McGinn,4-2-3-1,5-3-2,Darren Bond,2024-12-07_15:00 (16:00)_Aston Villa_Southampton
79,2024-12-10,Aston Villa,21:00,Champions Lg,League phase,Tue,Away,W,3,2,de RB Leipzig,2.1,2.2,53.0,40406.0,John McGinn,4-2-3-1,4-4-2,Maurizio Mariani,2024-12-10_21:00_Aston Villa_de RB Leipzig
80,2024-12-14,Aston Villa,17:30 ,Premier League,Matchweek 16,Sat,Away,L,1,2,Nott'ham Forest,0.4,1.7,50.0,30117.0,John McGinn,4-2-3-1,4-2-3-1,Samuel Barrott,2024-12-14_17:30 (18:30)_Aston Villa_Nott'ham Forest
81,2024-12-21,Aston Villa,12:30 ,Premier League,Matchweek 17,Sat,Home,W,2,1,Manchester City,1.6,1.0,44.0,42345.0,John McGinn,4-2-3-1,4-2-3-1,Peter Bankes,2024-12-21_12:30 (13:30)_Aston Villa_Manchester City
82,2024-12-26,Aston Villa,15:00 ,Premier League,Matchweek 18,Thu,Away,L,0,3,Newcastle Utd,0.3,2.7,38.0,52168.0,John McGinn,4-2-3-1,4-3-3,Anthony Taylor,2024-12-26_15:00 (16:00)_Aston Villa_Newcastle Utd
83,2024-12-30,Aston Villa,19:45 ,Premier League,Matchweek 19,Mon,Home,D,2,2,Brighton,1.8,1.1,59.0,41414.0,John McGinn,4-2-3-1,4-2-3-1,Craig Pawson,2024-12-30_19:45 (20:45)_Aston Villa_Brighton
84,2025-01-04,Aston Villa,15:00 ,Premier League,Matchweek 20,Sat,Home,W,2,1,Leicester City,1.4,0.4,60.0,42386.0,John McGinn,4-2-3-1,4-2-3-1,Jarred Gillett,2025-01-04_15:00 (16:00)_Aston Villa_Leicester City
85,2025-01-10,Aston Villa,20:00 ,FA Cup,Third round proper,Fri,Home,W,2,1,West Ham,0.0,0.0,51.45,40989.0,Tyrone Mings,4-2-3-1,4-2-3-1,Tim Robinson,2025-01-10_20:00 (21:00)_Aston Villa_West Ham
86,2025-01-15,Aston Villa,19:30 ,Premier League,Matchweek 21,Wed,Away,W,1,0,Everton,1.2,1.1,50.0,39085.0,Emiliano Martínez,4-2-3-1,4-2-3-1,Samuel Barrott,2025-01-15_19:30 (20:30)_Aston Villa_Everton
87,2025-01-21,Aston Villa,18:45,Champions Lg,League phase,Tue,Away,L,0,1,fr Monaco,0.9,1.5,61.0,13508.0,Emiliano Martínez,4-2-3-1,4-2-3-1,Slavko Vinčič,2025-01-21_18:45_Aston Villa_fr Monaco
88,2025-01-26,Aston Villa,16:30 ,Premier League,Matchweek 23,Sun,Home,D,1,1,West Ham,0.9,1.3,46.0,41628.0,Emiliano Martínez,4-2-3-1,3-4-3,Peter Bankes,2025-01-26_16:30 (17:30)_Aston Villa_West Ham
89,2025-01-29,Aston Villa,20:00 ,Champions Lg,League phase,Wed,Home,W,4,2,sct Celtic,3.9,0.8,58.0,42824.0,Emiliano Martínez,4-2-3-1,4-3-3,Clément Turpin,2025-01-29_20:00 (21:00)_Aston Villa_sct Celtic
90,2025-02-01,Aston Villa,17:30 ,Premier League,Matchweek 24,Sat,Away,L,0,2,Wolves,0.4,1.6,68.0,31385.0,John McGinn,4-2-3-1,3-4-3,Andy Madley,2025-02-01_17:30 (18:30)_Aston Villa_Wolves
91,2025-02-09,Aston Villa,17:35 ,FA Cup,Fourth round proper,Sun,Home,W,2,1,Tottenham,0.0,0.0,52.0,40773.0,John McGinn,4-2-3-1,4-2-3-1,Anthony Taylor,2025-02-09_17:35 (18:35)_Aston Villa_Tottenham
92,2025-02-15,Aston Villa,15:00 ,Premier League,Matchweek 25,Sat,Home,D,1,1,Ipswich Town,2.4,0.4,75.0,42510.0,John McGinn,4-2-3-1,4-2-3-1,Robert Jones,2025-02-15_15:00 (16:00)_Aston Villa_Ipswich Town
93,2025-02-19,Aston Villa,19:30 ,Premier League,Matchweek 29,Wed,Home,D,2,2,Liverpool,0.6,2.5,52.0,41910.0,John McGinn,4-2-3-1,4-2-3-1,Craig Pawson,2025-02-19_19:30 (20:30)_Aston Villa_Liverpool
94,2025-02-22,Aston Villa,17:30 ,Premier League,Matchweek 26,Sat,Home,W,2,1,Chelsea,2.3,2.3,52.0,42423.0,John McGinn,4-2-3-1,4-2-3-1,Michael Oliver,2025-02-22_17:30 (18:30)_Aston Villa_Chelsea
95,2025-02-25,Aston Villa,19:30,Premier League,Matchweek 27,Tue,Away,L,1,4,Crystal Palace,0.4,4.3,64.0,24712.0,John McGinn,3-4-3,3-4-3,Samuel Barrott,2025-02-25_19:30_Aston Villa_Crystal Palace
96,2025-02-28,Aston Villa,20:00,FA Cup,Fifth round proper,Fri,Home,W,2,0,Cardiff City,0.0,0.0,68.0,40175.0,John McGinn,4-2-3-1,3-4-3,Peter Bankes,2025-02-28_20:00_Aston Villa_Cardiff City
97,2025-03-04,Aston Villa,18:45 ,Champions Lg,Round of 16,Tue,Away,W,3,1,be Club Brugge,1.4,1.1,44.0,26890.0,John McGinn,4-2-3-1,4-2-3-1,João Pinheiro,2025-03-04_18:45 (17:45)_Aston Villa_be Club Brugge
98,2025-03-08,Aston Villa,17:30,Premier League,Matchweek 28,Sat,Away,W,1,0,Brentford,1.3,0.8,41.0,17171.0,John McGinn,4-2-3-1,4-2-3-1,Jarred Gillett,2025-03-08_17:30_Aston Villa_Brentford
99,2025-03-12,Aston Villa,20:00,Champions Lg,Round of 16,Wed,Home,W,3,0,be Club Brugge,2.4,0.1,53.0,42461.0,John McGinn,4-2-3-1,4-2-3-1,Daniel Siebert,2025-03-12_20:00_Aston Villa_be Club Brugge
100,2025-03-30,Aston Villa,13:30 ,FA Cup,Quarter-finals,Sun,Away,W,3,0,Preston,0.0,0.0,71.0,22198.0,Emiliano Martínez,4-2-3-1,3-5-2,Chris Kavanagh,2025-03-30_13:30 (12:30)_Aston Villa_Preston
101,2025-04-02,Aston Villa,19:45 ,Premier League,Matchweek 30,Wed,Away,W,3,0,Brighton,1.2,0.9,44.0,27895.0,John McGinn,4-2-3-1,4-2-3-1,Stuart Attwell,2025-04-02_19:45 (18:45)_Aston Villa_Brighton
102,2025-04-05,Aston Villa,17:30 ,Premier League,Matchweek 31,Sat,Home,W,2,1,Nott'ham Forest,3.0,1.5,52.0,42743.0,Emiliano Martínez,4-2-3-1,3-4-1-2,Simon Hooper,2025-04-05_17:30 (16:30)_Aston Villa_Nott'ham Forest
103,2025-04-09,Aston Villa,21:00 ,Champions Lg,Quarter-finals,Wed,Away,L,1,3,fr Paris S-G,0.9,1.9,25.0,47681.0,John McGinn,4-2-3-1,4-3-3,Maurizio Mariani,2025-04-09_21:00 (20:00)_Aston Villa_fr Paris S-G
104,2025-04-12,Aston Villa,15:00,Premier League,Matchweek 32,Sat,Away,W,3,0,Southampton,3.0,0.3,60.0,30199.0,Emiliano Martínez,4-2-3-1,3-4-3,Thomas Bramall,2025-04-12_15:00_Aston Villa_Southampton
105,2025-04-15,Aston Villa,20:00,Champions Lg,Quarter-finals,Tue,Home,W,3,2,fr Paris S-G,1.8,1.5,35.0,42535.0,John McGinn,4-2-3-1,4-3-3,Jose Maria Sánchez,2025-04-15_20:00_Aston Villa_fr Paris S-G
106,2025-04-19,Aston Villa,17:30,Premier League,Matchweek 33,Sat,Home,W,4,1,Newcastle Utd,2.2,1.0,48.0,42618.0,John McGinn,4-2-3-1,4-3-3,Jarred Gillett,2025-04-19_17:30_Aston Villa_Newcastle Utd
107,2025-04-22,Aston Villa,20:00,Premier League,Matchweek 34,Tue,Away,L,1,2,Manchester City,1.8,1.3,39.0,51834.0,Emiliano Martínez,4-2-3-1,4-1-4-1,Craig Pawson,2025-04-22_20:00_Aston Villa_Manchester City
108,2025-04-26,Aston Villa,17:15,FA Cup,Semi-finals,Sat,Away,L,0,3,Crystal Palace,0.0,0.0,70.0,82301.0,John McGinn,4-2-3-1,3-4-3,Anthony Taylor,2025-04-26_17:15_Aston Villa_Crystal Palace
109,2025-05-03,Aston Villa,12:30,Premier League,Matchweek 35,Sat,Home,W,1,0,Fulham,1.0,0.9,52.0,42515.0,John McGinn,4-2-3-1,4-2-3-1,Robert Jones,2025-05-03_12:30_Aston Villa_Fulham
110,2025-05-10,Aston Villa,17:30,Premier League,Matchweek 36,Sat,Away,W,1,0,Bournemouth,1.0,0.8,34.0,11187.0,Emiliano Martínez,4-2-3-1,4-2-3-1,Stuart Attwell,2025-05-10_17:30_Aston Villa_Bournemouth
111,2025-05-16,Aston Villa,19:30,Premier League,Matchweek 37,Fri,Home,W,2,0,Tottenham,1.4,0.5,67.0,42239.0,John McGinn,4-2-3-1,4-2-3-1,Peter Bankes,2025-05-16_19:30_Aston Villa_Tottenham
112,2025-05-25,Aston Villa,16:00,Premier League,Matchweek 38,Sun,Away,L,0,2,Manchester Utd,0.4,2.9,33.0,73839.0,John McGinn,4-2-3-1,3-4-3,Thomas Bramall,2025-05-25_16:00_Aston Villa_Manchester Utd
113,2024-08-17,Bournemouth,15:00,Premier League,Matchweek 1,Sat,Away,D,1,1,Nott'ham Forest,1.2,1.3,47.0,29763.0,Neto,4-2-3-1,4-2-3-1,Michael Oliver,2024-08-17_15:00_Bournemouth_Nott'ham Forest
114,2024-08-25,Bournemouth,14:00,Premier League,Matchweek 2,Sun,Home,D,1,1,Newcastle Utd,2.2,1.6,39.0,11161.0,Neto,4-2-3-1,4-3-3,David Coote,2024-08-25_14:00_Bournemouth_Newcastle Utd
115,2024-08-28,Bournemouth,19:45,EFL Cup,Second round,Wed,Away,L,0,1,West Ham,0.0,0.0,52.0,47381.0,Neto,4-2-3-1,4-1-4-1,Peter Bankes,2024-08-28_19:45_Bournemouth_West Ham
116,2024-08-31,Bournemouth,15:00,Premier League,Matchweek 3,Sat,Away,W,3,2,Everton,2.4,1.8,53.0,38805.0,Lewis Cook,4-2-3-1,4-2-3-1,Stuart Attwell,2024-08-31_15:00_Bournemouth_Everton
117,2024-09-14,Bournemouth,20:00,Premier League,Matchweek 4,Sat,Home,L,0,1,Chelsea,1.7,0.8,34.0,11235.0,Adam Smith,4-2-3-1,4-2-3-1,Anthony Taylor,2024-09-14_20:00_Bournemouth_Chelsea
118,2024-09-21,Bournemouth,15:00,Premier League,Matchweek 5,Sat,Away,L,0,3,Liverpool,1.1,2.0,42.0,60347.0,Lewis Cook,4-2-3-1,4-2-3-1,Tony Harrington,2024-09-21_15:00_Bournemouth_Liverpool
119,2024-09-30,Bournemouth,20:00,Premier League,Matchweek 6,Mon,Home,W,3,1,Southampton,1.3,0.6,40.0,11243.0,Adam Smith,4-2-3-1,4-2-3-1,Michael Oliver,2024-09-30_20:00_Bournemouth_Southampton
120,2024-10-05,Bournemouth,15:00,Premier League,Matchweek 7,Sat,Away,L,0,1,Leicester City,2.1,0.8,55.0,31706.0,Adam Smith,4-2-3-1,4-2-3-1,Darren Bond,2024-10-05_15:00_Bournemouth_Leicester City
121,2024-11-02,Bournemouth,15:00 ,Premier League,Matchweek 10,Sat,Home,W,2,1,Manchester City,2.0,1.6,36.0,11231.0,Adam Smith,4-2-3-1,4-1-4-1,Michael Oliver,2024-11-02_15:00 (16:00)_Bournemouth_Manchester City
122,2024-11-09,Bournemouth,15:00 ,Premier League,Matchweek 11,Sat,Away,L,2,3,Brentford,2.6,1.5,49.0,16587.0,Adam Smith,4-2-3-1,4-3-3,Darren Bond,2024-11-09_15:00 (16:00)_Bournemouth_Brentford
123,2024-11-23,Bournemouth,15:00 ,Premier League,Matchweek 12,Sat,Home,L,1,2,Brighton,1.6,0.9,55.0,11196.0,Adam Smith,4-2-3-1,4-2-3-1,Stuart Attwell,2024-11-23_15:00 (16:00)_Bournemouth_Brighton
124,2024-11-30,Bournemouth,15:00 ,Premier League,Matchweek 13,Sat,Away,W,4,2,Wolves,3.3,0.5,40.0,26685.0,Adam Smith,4-2-3-1,4-2-3-1,Peter Bankes,2024-11-30_15:00 (16:00)_Bournemouth_Wolves
125,2024-12-05,Bournemouth,20:15 ,Premier League,Matchweek 14,Thu,Home,W,1,0,Tottenham,3.5,0.9,35.0,11234.0,Adam Smith,4-2-3-1,4-3-3,Simon Hooper,2024-12-05_20:15 (21:15)_Bournemouth_Tottenham
126,2024-12-08,Bournemouth,14:00 ,Premier League,Matchweek 15,Sun,Away,W,2,1,Ipswich Town,3.2,1.3,56.0,29180.0,Adam Smith,4-2-3-1,4-2-3-1,Michael Salisbury,2024-12-08_14:00 (15:00)_Bournemouth_Ipswich Town
127,2024-12-16,Bournemouth,20:00 ,Premier League,Matchweek 16,Mon,Home,D,1,1,West Ham,1.9,2.1,52.0,11204.0,Adam Smith,4-2-3-1,4-1-4-1,Chris Kavanagh,2024-12-16_20:00 (21:00)_Bournemouth_West Ham
128,2024-12-22,Bournemouth,14:00 ,Premier League,Matchweek 17,Sun,Away,W,3,0,Manchester Utd,1.6,2.2,40.0,73720.0,Adam Smith,4-2-3-1,3-4-3,Craig Pawson,2024-12-22_14:00 (15:00)_Bournemouth_Manchester Utd
129,2024-12-26,Bournemouth,15:00 ,Premier League,Matchweek 18,Thu,Home,D,0,0,Crystal Palace,1.4,0.4,52.0,11129.0,Lewis Cook,4-2-3-1,3-4-3,Thomas Bramall,2024-12-26_15:00 (16:00)_Bournemouth_Crystal Palace
130,2024-12-29,Bournemouth,15:00 ,Premier League,Matchweek 19,Sun,Away,D,2,2,Fulham,2.0,1.1,48.0,27301.0,Lewis Cook,4-2-3-1,4-5-1,Robert Jones,2024-12-29_15:00 (16:00)_Bournemouth_Fulham
131,2025-01-04,Bournemouth,15:00 ,Premier League,Matchweek 20,Sat,Home,W,1,0,Everton,1.8,0.7,58.0,11223.0,Lewis Cook,4-2-3-1,4-2-3-1,John Brooks,2025-01-04_15:00 (16:00)_Bournemouth_Everton
132,2025-01-11,Bournemouth,15:00 ,FA Cup,Third round proper,Sat,Home,W,5,1,West Brom,0.0,0.0,48.57,10916.0,David Brooks,4-2-3-1,4-4-2,John Busby,2025-01-11_15:00 (16:00)_Bournemouth_West Brom
133,2025-01-14,Bournemouth,19:30 ,Premier League,Matchweek 21,Tue,Away,D,2,2,Chelsea,1.2,2.5,43.0,39092.0,Lewis Cook,4-2-3-1,4-2-3-1,Robert Jones,2025-01-14_19:30 (20:30)_Bournemouth_Chelsea
134,2025-01-18,Bournemouth,12:30 ,Premier League,Matchweek 22,Sat,Away,W,4,1,Newcastle Utd,2.0,0.8,44.0,52227.0,Lewis Cook,4-2-3-1,4-3-3,Stuart Attwell,2025-01-18_12:30 (13:30)_Bournemouth_Newcastle Utd
135,2025-01-25,Bournemouth,15:00 ,Premier League,Matchweek 23,Sat,Home,W,5,0,Nott'ham Forest,1.7,1.0,50.0,11228.0,Lewis Cook,4-2-3-1,4-2-3-1,Craig Pawson,2025-01-25_15:00 (16:00)_Bournemouth_Nott'ham Forest
136,2025-02-01,Bournemouth,15:00 ,Premier League,Matchweek 24,Sat,Home,L,0,2,Liverpool,1.6,2.5,49.0,11239.0,Lewis Cook,4-2-3-1,4-2-3-1,Darren England,2025-02-01_15:00 (16:00)_Bournemouth_Liverpool
137,2025-02-08,Bournemouth,15:00 ,FA Cup,Fourth round proper,Sat,Away,W,2,0,Everton,0.0,0.0,42.0,38909.0,Lewis Cook,4-2-3-1,4-2-3-1,John Brooks,2025-02-08_15:00 (16:00)_Bournemouth_Everton
138,2025-02-15,Bournemouth,15:00 ,Premier League,Matchweek 25,Sat,Away,W,3,1,Southampton,1.2,0.8,56.0,31037.0,Lewis Cook,4-2-3-1,3-4-1-2,Jarred Gillett,2025-02-15_15:00 (16:00)_Bournemouth_Southampton
139,2025-02-22,Bournemouth,15:00 ,Premier League,Matchweek 26,Sat,Home,L,0,1,Wolves,0.9,2.0,46.0,11206.0,Lewis Cook,4-2-3-1,3-4-3,Michael Salisbury,2025-02-22_15:00 (16:00)_Bournemouth_Wolves
140,2025-02-25,Bournemouth,19:30,Premier League,Matchweek 27,Tue,Away,L,1,2,Brighton,1.5,2.4,56.0,31138.0,Lewis Cook,4-2-3-1,4-2-3-1,Michael Oliver,2025-02-25_19:30_Bournemouth_Brighton
141,2025-03-01,Bournemouth,15:00,FA Cup,Fifth round proper,Sat,Home,D,1 (5),1 (4),Wolves,0.0,0.0,67.0,11021.0,Lewis Cook,4-2-3-1,3-4-3,Chris Kavanagh,2025-03-01_15:00_Bournemouth_Wolves
142,2025-03-09,Bournemouth,14:00,Premier League,Matchweek 28,Sun,Away,D,2,2,Tottenham,2.2,1.5,39.0,61178.0,Lewis Cook,4-2-3-1,4-3-3,John Brooks,2025-03-09_14:00_Bournemouth_Tottenham
143,2025-03-15,Bournemouth,17:30,Premier League,Matchweek 29,Sat,Home,L,1,2,Brentford,1.6,0.8,58.0,11180.0,Lewis Cook,4-2-3-1,4-2-3-1,Craig Pawson,2025-03-15_17:30_Bournemouth_Brentford
144,2025-03-30,Bournemouth,16:30 ,FA Cup,Quarter-finals,Sun,Home,L,1,2,Manchester City,0.0,0.0,36.0,10954.0,Lewis Cook,4-2-3-1,4-3-3,Stuart Attwell,2025-03-30_16:30 (15:30)_Bournemouth_Manchester City
145,2025-04-02,Bournemouth,19:45 ,Premier League,Matchweek 30,Wed,Home,L,1,2,Ipswich Town,1.8,1.2,63.0,11192.0,Adam Smith,4-2-3-1,4-2-3-1,Robert Jones,2025-04-02_19:45 (18:45)_Bournemouth_Ipswich Town
146,2025-04-05,Bournemouth,15:00 ,Premier League,Matchweek 31,Sat,Away,D,2,2,West Ham,2.1,0.7,44.0,62459.0,Adam Smith,4-2-3-1,4-2-3-1,Tim Robinson,2025-04-05_15:00 (14:00)_Bournemouth_West Ham
147,2025-04-14,Bournemouth,20:00,Premier League,Matchweek 32,Mon,Home,W,1,0,Fulham,1.4,1.0,41.0,11195.0,Adam Smith,4-2-3-1,4-2-3-1,Michael Oliver,2025-04-14_20:00_Bournemouth_Fulham
148,2025-04-19,Bournemouth,15:00,Premier League,Matchweek 33,Sat,Away,D,0,0,Crystal Palace,0.7,0.4,71.0,25185.0,Adam Smith,4-2-3-1,3-4-3,Samuel Barrott,2025-04-19_15:00_Bournemouth_Crystal Palace
149,2025-04-27,Bournemouth,14:00,Premier League,Matchweek 34,Sun,Home,D,1,1,Manchester Utd,0.5,2.3,39.0,11241.0,Adam Smith,4-2-3-1,3-4-3,Peter Bankes,2025-04-27_14:00_Bournemouth_Manchester Utd
150,2025-05-20,Bournemouth,20:00,Premier League,Matchweek 37,Tue,Away,L,1,3,Manchester City,1.1,1.5,43.0,52487.0,Lewis Cook,4-2-3-1,4-2-3-1,Thomas Bramall,2025-05-20_20:00_Bournemouth_Manchester City
151,2025-05-25,Bournemouth,16:00,Premier League,Matchweek 38,Sun,Home,W,2,0,Leicester City,1.6,0.3,63.0,11238.0,Adam Smith,4-2-3-1,4-2-3-1,Lewis Smith,2025-05-25_16:00_Bournemouth_Leicester City
152,2024-08-18,Brentford,14:00,Premier League,Matchweek 1,Sun,Home,W,2,1,Crystal Palace,1.6,1.2,46.0,16988.0,Christian Nørgaard,4-3-3,3-4-3,Samuel Barrott,2024-08-18_14:00_Brentford_Crystal Palace
153,2024-08-25,Brentford,16:30,Premier League,Matchweek 2,Sun,Away,L,0,2,Liverpool,0.5,2.5,38.0,60017.0,Christian Nørgaard,4-4-2,4-2-3-1,Stuart Attwell,2024-08-25_16:30_Brentford_Liverpool
154,2024-08-28,Brentford,19:45,EFL Cup,Second round,Wed,Away,W,1,0,Colchester Utd,0.0,0.0,72.0,6716.0,Vitaly Janelt,4-2-3-1,3-1-4-2,Inconnu,2024-08-28_19:45_Brentford_Colchester Utd
155,2024-08-31,Brentford,15:00,Premier League,Matchweek 3,Sat,Home,W,3,1,Southampton,2.8,1.5,37.0,16955.0,Christian Nørgaard,4-3-3,3-5-2,Joshua Smith,2024-08-31_15:00_Brentford_Southampton
156,2024-09-14,Brentford,15:00,Premier League,Matchweek 4,Sat,Away,L,1,2,Manchester City,1.0,2.1,46.0,52148.0,Christian Nørgaard,5-3-2,4-2-3-1,Darren Bond,2024-09-14_15:00_Brentford_Manchester City
157,2024-09-17,Brentford,19:45,EFL Cup,Third round,Tue,Home,W,3,1,Leyton Orient,0.0,0.0,63.0,13634.0,Christian Nørgaard,4-3-3,4-1-4-1,Lewis Smith,2024-09-17_19:45_Brentford_Leyton Orient
158,2024-09-21,Brentford,15:00,Premier League,Matchweek 5,Sat,Away,L,1,3,Tottenham,0.8,3.5,52.0,61246.0,Vitaly Janelt,5-3-2,4-3-3,John Brooks,2024-09-21_15:00_Brentford_Tottenham
159,2024-09-28,Brentford,15:00,Premier League,Matchweek 6,Sat,Home,D,1,1,West Ham,0.4,1.0,57.0,17050.0,Vitaly Janelt,4-4-2,4-1-4-1,Simon Hooper,2024-09-28_15:00_Brentford_West Ham
160,2024-10-05,Brentford,15:00,Premier League,Matchweek 7,Sat,Home,W,5,3,Wolves,4.2,1.0,44.0,16960.0,Christian Nørgaard,4-2-3-1,4-1-4-1,Andy Madley,2024-10-05_15:00_Brentford_Wolves
161,2024-10-19,Brentford,15:00,Premier League,Matchweek 8,Sat,Away,L,1,2,Manchester Utd,0.9,1.3,50.0,73738.0,Christian Nørgaard,4-2-3-1,4-2-3-1,Samuel Barrott,2024-10-19_15:00_Brentford_Manchester Utd
162,2024-10-26,Brentford,15:00,Premier League,Matchweek 9,Sat,Home,W,4,3,Ipswich Town,4.0,1.3,65.0,17109.0,Christian Nørgaard,4-2-3-1,4-2-3-1,Lewis Smith,2024-10-26_15:00_Brentford_Ipswich Town
163,2024-10-29,Brentford,20:00 ,EFL Cup,Fourth round,Tue,Home,D,1 (5),1 (4),Sheffield Weds,0.0,0.0,70.0,16701.0,Mathias Jensen,4-2-3-1,3-4-3,Will Finnie,2024-10-29_20:00 (21:00)_Brentford_Sheffield Weds
164,2024-11-04,Brentford,20:00 ,Premier League,Matchweek 10,Mon,Away,L,1,2,Fulham,0.6,1.3,32.0,24931.0,Christian Nørgaard,4-2-3-1,4-2-3-1,Stuart Attwell,2024-11-04_20:00 (21:00)_Brentford_Fulham
165,2024-11-23,Brentford,15:00 ,Premier League,Matchweek 12,Sat,Away,D,0,0,Everton,1.1,1.2,41.0,38915.0,Christian Nørgaard,4-3-3,4-2-3-1,Chris Kavanagh,2024-11-23_15:00 (16:00)_Brentford_Everton
166,2024-11-30,Brentford,15:00 ,Premier League,Matchweek 13,Sat,Home,W,4,1,Leicester City,2.4,1.1,60.0,17084.0,Christian Nørgaard,4-2-3-1,3-4-3,Michael Oliver,2024-11-30_15:00 (16:00)_Brentford_Leicester City
167,2024-12-07,Brentford,15:00 ,Premier League,Matchweek 15,Sat,Home,W,4,2,Newcastle Utd,1.2,1.5,43.0,17078.0,Christian Nørgaard,3-4-3,4-3-3,Simon Hooper,2024-12-07_15:00 (16:00)_Brentford_Newcastle Utd
168,2024-12-15,Brentford,19:00 ,Premier League,Matchweek 16,Sun,Away,L,1,2,Chelsea,1.6,2.2,38.0,39571.0,Christian Nørgaard,3-5-2,4-2-3-1,Peter Bankes,2024-12-15_19:00 (20:00)_Brentford_Chelsea
169,2024-12-18,Brentford,19:45 ,EFL Cup,Quarter-finals,Wed,Away,L,1,3,Newcastle Utd,0.0,0.0,46.0,51765.0,Vitaly Janelt,3-4-3,4-3-3,Samuel Barrott,2024-12-18_19:45 (20:45)_Brentford_Newcastle Utd
170,2024-12-21,Brentford,15:00 ,Premier League,Matchweek 17,Sat,Home,L,0,2,Nott'ham Forest,0.7,0.9,64.0,17115.0,Christian Nørgaard,4-3-3,3-4-3,Michael Oliver,2024-12-21_15:00 (16:00)_Brentford_Nott'ham Forest
171,2024-12-27,Brentford,19:30 ,Premier League,Matchweek 18,Fri,Away,D,0,0,Brighton,1.1,1.3,43.0,31548.0,Christian Nørgaard,4-2-3-1,4-2-3-1,Andy Madley,2024-12-27_19:30 (20:30)_Brentford_Brighton
172,2025-01-04,Brentford,15:00 ,Premier League,Matchweek 20,Sat,Away,W,5,0,Southampton,4.4,0.3,50.0,31001.0,Christian Nørgaard,4-3-3,3-4-3,Stuart Attwell,2025-01-04_15:00 (16:00)_Brentford_Southampton
173,2025-01-11,Brentford,15:00 ,FA Cup,Third round proper,Sat,Home,L,0,1,Plymouth Argyle,0.0,0.0,49.29,16790.0,Mathias Jensen,4-4-2,3-4-3,Ben Toner,2025-01-11_15:00 (16:00)_Brentford_Plymouth Argyle
174,2025-01-14,Brentford,19:30 ,Premier League,Matchweek 21,Tue,Home,D,2,2,Manchester City,2.5,2.2,45.0,17048.0,Christian Nørgaard,4-3-3,4-2-3-1,Anthony Taylor,2025-01-14_19:30 (20:30)_Brentford_Manchester City
175,2025-01-18,Brentford,15:00 ,Premier League,Matchweek 22,Sat,Home,L,0,2,Liverpool,0.7,3.4,40.0,17215.0,Christian Nørgaard,4-2-3-1,4-2-3-1,Andy Madley,2025-01-18_15:00 (16:00)_Brentford_Liverpool
176,2025-01-26,Brentford,14:00 ,Premier League,Matchweek 23,Sun,Away,W,2,1,Crystal Palace,1.3,1.1,53.0,25066.0,Christian Nørgaard,4-2-3-1,3-4-3,Tony Harrington,2025-01-26_14:00 (15:00)_Brentford_Crystal Palace
177,2025-02-02,Brentford,14:00 ,Premier League,Matchweek 24,Sun,Home,L,0,2,Tottenham,2.1,0.8,54.0,17154.0,Christian Nørgaard,4-2-3-1,4-2-3-1,Jarred Gillett,2025-02-02_14:00 (15:00)_Brentford_Tottenham
178,2025-02-15,Brentford,15:00 ,Premier League,Matchweek 25,Sat,Away,W,1,0,West Ham,1.6,0.8,42.0,62415.0,Christian Nørgaard,4-2-3-1,4-2-3-1,Darren England,2025-02-15_15:00 (16:00)_Brentford_West Ham
179,2025-02-21,Brentford,20:00 ,Premier League,Matchweek 26,Fri,Away,W,4,0,Leicester City,1.5,0.5,52.0,31077.0,Christian Nørgaard,4-2-3-1,4-2-3-1,Tony Harrington,2025-02-21_20:00 (21:00)_Brentford_Leicester City
180,2025-02-26,Brentford,19:30,Premier League,Matchweek 27,Wed,Home,D,1,1,Everton,1.4,1.5,52.0,17082.0,Vitaly Janelt,4-2-3-1,4-2-3-1,Simon Hooper,2025-02-26_19:30_Brentford_Everton
181,2025-04-02,Brentford,19:45 ,Premier League,Matchweek 30,Wed,Away,L,1,2,Newcastle Utd,1.5,1.3,51.0,52021.0,Christian Nørgaard,4-2-3-1,4-3-3,Peter Bankes,2025-04-02_19:45 (18:45)_Brentford_Newcastle Utd
182,2025-04-06,Brentford,14:00,Premier League,Matchweek 31,Sun,Home,D,0,0,Chelsea,1.1,1.2,42.0,17183.0,Christian Nørgaard,4-2-3-1,4-2-3-1,Michael Oliver,2025-04-06_14:00_Brentford_Chelsea
183,2025-04-19,Brentford,15:00,Premier League,Matchweek 33,Sat,Home,W,4,2,Brighton,2.1,1.4,47.0,17083.0,Christian Nørgaard,4-2-3-1,4-2-3-1,Tim Robinson,2025-04-19_15:00_Brentford_Brighton
184,2025-05-01,Brentford,19:30,Premier League,Matchweek 34,Thu,Away,W,2,0,Nott'ham Forest,1.3,0.9,45.0,29040.0,Christian Nørgaard,4-2-3-1,4-2-3-1,Darren England,2025-05-01_19:30_Brentford_Nott'ham Forest
185,2025-05-04,Brentford,14:00,Premier League,Matchweek 35,Sun,Home,W,4,3,Manchester Utd,2.8,1.5,47.0,18915.0,Christian Nørgaard,4-2-3-1,3-4-3,Anthony Taylor,2025-05-04_14:00_Brentford_Manchester Utd
186,2025-05-10,Brentford,15:00,Premier League,Matchweek 36,Sat,Away,W,1,0,Ipswich Town,1.4,0.9,51.0,29511.0,Christian Nørgaard,4-2-3-1,4-2-3-1,Samuel Barrott,2025-05-10_15:00_Brentford_Ipswich Town
187,2025-05-18,Brentford,15:00,Premier League,Matchweek 37,Sun,Home,L,2,3,Fulham,2.5,1.0,51.0,17136.0,Christian Nørgaard,4-2-3-1,4-2-3-1,Jarred Gillett,2025-05-18_15:00_Brentford_Fulham
188,2025-05-25,Brentford,16:00,Premier League,Matchweek 38,Sun,Away,D,1,1,Wolves,1.4,1.0,51.0,31382.0,Christian Nørgaard,4-2-3-1,3-4-3,Craig Pawson,2025-05-25_16:00_Brentford_Wolves
189,2024-08-17,Brighton,15:00,Premier League,Matchweek 1,Sat,Away,W,3,0,Everton,1.4,0.5,60.0,39217.0,Lewis Dunk,4-2-3-1,4-2-3-1,Simon Hooper,2024-08-17_15:00_Brighton_Everton
190,2024-08-24,Brighton,12:30,Premier League,Matchweek 2,Sat,Home,W,2,1,Manchester Utd,2.1,1.4,48.0,31537.0,Lewis Dunk,4-2-3-1,4-2-3-1,Craig Pawson,2024-08-24_12:30_Brighton_Manchester Utd
191,2024-08-27,Brighton,19:45,EFL Cup,Second round,Tue,Home,W,4,0,Crawley Town,0.0,0.0,44.0,19175.0,Adam Webster,4-2-3-1,3-4-3,Alex Chilowicz,2024-08-27_19:45_Brighton_Crawley Town
192,2024-09-14,Brighton,15:00,Premier League,Matchweek 4,Sat,Home,D,0,0,Ipswich Town,1.6,0.3,68.0,41573.0,Lewis Dunk,4-4-2,4-2-3-1,Samuel Barrott,2024-09-14_15:00_Brighton_Ipswich Town
193,2024-09-18,Brighton,19:45,EFL Cup,Third round,Wed,Home,W,3,2,Wolves,0.0,0.0,54.0,16018.0,Jason Steele,4-4-2,4-2-3-1,John Brooks,2024-09-18_19:45_Brighton_Wolves
194,2024-09-22,Brighton,14:00,Premier League,Matchweek 5,Sun,Home,D,2,2,Nott'ham Forest,1.0,1.4,70.0,31444.0,Lewis Dunk,4-2-3-1,4-2-3-1,Robert Jones,2024-09-22_14:00_Brighton_Nott'ham Forest
195,2024-09-28,Brighton,15:00,Premier League,Matchweek 6,Sat,Away,L,2,4,Chelsea,1.1,4.2,59.0,39495.0,Lewis Dunk,4-3-3,4-2-3-1,Peter Bankes,2024-09-28_15:00_Brighton_Chelsea
196,2024-10-06,Brighton,16:30,Premier League,Matchweek 7,Sun,Home,W,3,2,Tottenham,1.8,1.3,41.0,31487.0,Lewis Dunk,4-2-3-1,4-3-3,David Coote,2024-10-06_16:30_Brighton_Tottenham
197,2024-10-19,Brighton,15:00,Premier League,Matchweek 8,Sat,Away,W,1,0,Newcastle Utd,1.1,2.0,40.0,52220.0,Lewis Dunk,4-4-2,4-3-3,Peter Bankes,2024-10-19_15:00_Brighton_Newcastle Utd
198,2024-10-26,Brighton,15:00,Premier League,Matchweek 9,Sat,Home,D,2,2,Wolves,1.3,1.3,51.0,31840.0,Danny Welbeck,4-4-2,3-4-3,Michael Oliver,2024-10-26_15:00_Brighton_Wolves
199,2024-10-30,Brighton,19:30 ,EFL Cup,Fourth round,Wed,Home,L,2,3,Liverpool,0.0,0.0,45.0,28441.0,Jason Steele,4-2-3-1,4-4-2,Darren Bond,2024-10-30_19:30 (20:30)_Brighton_Liverpool
200,2024-11-02,Brighton,15:00 ,Premier League,Matchweek 10,Sat,Away,L,1,2,Liverpool,1.0,1.6,51.0,60331.0,Danny Welbeck,4-4-2,4-2-3-1,Tony Harrington,2024-11-02_15:00 (16:00)_Brighton_Liverpool
201,2024-11-09,Brighton,17:30 ,Premier League,Matchweek 11,Sat,Home,W,2,1,Manchester City,2.3,2.1,40.0,31715.0,Danny Welbeck,4-4-2,4-1-4-1,Samuel Barrott,2024-11-09_17:30 (18:30)_Brighton_Manchester City
202,2024-11-29,Brighton,20:00 ,Premier League,Matchweek 13,Fri,Home,D,1,1,Southampton,1.7,1.0,53.0,31542.0,Danny Welbeck,4-4-2,5-4-1,Robert Jones,2024-11-29_20:00 (21:00)_Brighton_Southampton
203,2024-12-05,Brighton,19:30 ,Premier League,Matchweek 14,Thu,Away,L,1,3,Fulham,1.4,1.1,57.0,26368.0,Lewis Dunk,3-4-3,4-2-3-1,Peter Bankes,2024-12-05_19:30 (20:30)_Brighton_Fulham
204,2024-12-08,Brighton,14:00 ,Premier League,Matchweek 15,Sun,Away,D,2,2,Leicester City,1.5,1.3,44.0,31647.0,Lewis Dunk,4-2-3-1,4-2-3-1,Stuart Attwell,2024-12-08_14:00 (15:00)_Brighton_Leicester City
205,2024-12-15,Brighton,14:00 ,Premier League,Matchweek 16,Sun,Home,L,1,3,Crystal Palace,1.0,2.2,64.0,30893.0,Lewis Dunk,4-2-3-1,3-4-3,Michael Oliver,2024-12-15_14:00 (15:00)_Brighton_Crystal Palace
206,2024-12-21,Brighton,15:00 ,Premier League,Matchweek 17,Sat,Away,D,1,1,West Ham,0.9,1.2,53.0,62460.0,Lewis Dunk,4-2-3-1,4-1-4-1,Robert Jones,2024-12-21_15:00 (16:00)_Brighton_West Ham
207,2025-01-11,Brighton,15:00 ,FA Cup,Third round proper,Sat,Away,W,4,0,Norwich City,0.0,0.0,51.84,24738.0,Jason Steele,4-2-3-1,4-3-3,Simon Hooper,2025-01-11_15:00 (16:00)_Brighton_Norwich City
208,2025-01-16,Brighton,19:30 ,Premier League,Matchweek 21,Thu,Away,W,2,0,Ipswich Town,1.0,0.3,53.0,29403.0,Adam Webster,4-1-4-1,4-2-3-1,Tony Harrington,2025-01-16_19:30 (20:30)_Brighton_Ipswich Town
209,2025-01-19,Brighton,14:00 ,Premier League,Matchweek 22,Sun,Away,W,3,1,Manchester Utd,1.9,1.5,49.0,73758.0,Lewis Dunk,4-4-2,3-4-3,Peter Bankes,2025-01-19_14:00 (15:00)_Brighton_Manchester Utd
210,2025-01-25,Brighton,15:00 ,Premier League,Matchweek 23,Sat,Home,L,0,1,Everton,0.7,0.8,69.0,31087.0,Lewis Dunk,4-2-3-1,4-2-3-1,Tim Robinson,2025-01-25_15:00 (16:00)_Brighton_Everton
211,2025-02-01,Brighton,12:30 ,Premier League,Matchweek 24,Sat,Away,L,0,7,Nott'ham Forest,0.9,3.3,62.0,30164.0,Lewis Dunk,4-1-4-1,3-5-2,Simon Hooper,2025-02-01_12:30 (13:30)_Brighton_Nott'ham Forest
212,2025-02-08,Brighton,20:00 ,FA Cup,Fourth round proper,Sat,Home,W,2,1,Chelsea,0.0,0.0,43.0,23279.0,Lewis Dunk,4-2-3-1,4-2-3-1,Jarred Gillett,2025-02-08_20:00 (21:00)_Brighton_Chelsea
213,2025-02-14,Brighton,20:00 ,Premier League,Matchweek 25,Fri,Home,W,3,0,Chelsea,1.4,0.5,31.0,31324.0,Danny Welbeck,5-4-1,4-2-3-1,Chris Kavanagh,2025-02-14_20:00 (21:00)_Brighton_Chelsea
214,2025-02-22,Brighton,15:00 ,Premier League,Matchweek 26,Sat,Away,W,4,0,Southampton,3.9,0.1,50.0,30775.0,Adam Webster,4-2-3-1,3-4-3,Darren Bond,2025-02-22_15:00 (16:00)_Brighton_Southampton
215,2025-03-02,Brighton,13:45,FA Cup,Fifth round proper,Sun,Away,W,2,1,Newcastle Utd,0.0,0.0,53.0,51566.0,Adam Webster,4-2-3-1,4-3-3,Anthony Taylor,2025-03-02_13:45_Brighton_Newcastle Utd
216,2025-03-08,Brighton,15:00,Premier League,Matchweek 28,Sat,Home,W,2,1,Fulham,1.5,0.9,53.0,31584.0,Adam Webster,4-2-3-1,3-4-3,Samuel Barrott,2025-03-08_15:00_Brighton_Fulham
217,2025-03-15,Brighton,15:00,Premier League,Matchweek 29,Sat,Away,D,2,2,Manchester City,2.0,1.7,40.0,52471.0,Adam Webster,4-2-3-1,4-2-3-1,Simon Hooper,2025-03-15_15:00_Brighton_Manchester City
218,2025-03-29,Brighton,17:15,FA Cup,Quarter-finals,Sat,Home,D,0 (3),0 (4),Nott'ham Forest,0.0,0.0,53.0,29930.0,Danny Welbeck,4-2-3-1,4-2-3-1,Peter Bankes,2025-03-29_17:15_Brighton_Nott'ham Forest
219,2025-04-05,Brighton,15:00 ,Premier League,Matchweek 31,Sat,Away,L,1,2,Crystal Palace,1.0,0.6,62.0,24564.0,Lewis Dunk,4-2-3-1,3-4-3,Anthony Taylor,2025-04-05_15:00 (14:00)_Brighton_Crystal Palace
220,2025-04-12,Brighton,15:00,Premier League,Matchweek 32,Sat,Home,D,2,2,Leicester City,3.8,1.5,59.0,31150.0,Lewis Dunk,4-1-4-1,4-2-3-1,Darren Bond,2025-04-12_15:00_Brighton_Leicester City
221,2025-04-26,Brighton,15:00,Premier League,Matchweek 34,Sat,Home,W,3,2,West Ham,1.3,1.3,53.0,31499.0,Lewis Dunk,4-2-3-1,3-5-2,Darren England,2025-04-26_15:00_Brighton_West Ham
222,2025-05-04,Brighton,14:00,Premier League,Matchweek 35,Sun,Home,D,1,1,Newcastle Utd,0.7,1.7,45.0,31580.0,Lewis Dunk,4-2-3-1,4-3-3,Craig Pawson,2025-05-04_14:00_Brighton_Newcastle Utd
223,2025-05-10,Brighton,15:00,Premier League,Matchweek 36,Sat,Away,W,2,0,Wolves,1.6,0.9,44.0,31279.0,Danny Welbeck,4-2-3-1,3-4-3,Michael Oliver,2025-05-10_15:00_Brighton_Wolves
224,2025-05-19,Brighton,20:00,Premier League,Matchweek 37,Mon,Home,W,3,2,Liverpool,2.2,2.2,49.0,31611.0,Danny Welbeck,4-2-3-1,4-2-3-1,Andy Madley,2025-05-19_20:00_Brighton_Liverpool
225,2025-05-25,Brighton,16:00,Premier League,Matchweek 38,Sun,Away,W,4,1,Tottenham,2.2,2.0,66.0,61449.0,Adam Webster,4-4-2,4-3-3,Robert Jones,2025-05-25_16:00_Brighton_Tottenham
226,2024-08-18,Chelsea,16:30,Premier League,Matchweek 1,Sun,Home,L,0,2,Manchester City,1.0,0.8,48.0,39818.0,Enzo Fernández,4-2-3-1,3-2-4-1,Anthony Taylor,2024-08-18_16:30_Chelsea_Manchester City
227,2024-08-22,Chelsea,20:00,Conf Lg,Play-off round,Thu,Home,W,2,0,ch Servette FC,0.0,0.0,59.37,37902.0,Moisés Caicedo,4-3-3,4-2-3-1,Jérémie Pignard,2024-08-22_20:00_Chelsea_ch Servette FC
228,2024-08-25,Chelsea,14:00,Premier League,Matchweek 2,Sun,Away,W,6,2,Wolves,1.6,1.9,60.0,31235.0,Enzo Fernández,4-2-3-1,4-2-3-1,Darren England,2024-08-25_14:00_Chelsea_Wolves
229,2024-08-29,Chelsea,20:30 ,Conf Lg,Play-off round,Thu,Away,L,1,2,ch Servette FC,0.0,0.0,59.37,28000.0,Enzo Fernández,4-2-3-1,4-4-1-1,Marco Di Bello,2024-08-29_20:30 (19:30)_Chelsea_ch Servette FC
230,2024-09-01,Chelsea,13:30,Premier League,Matchweek 3,Sun,Home,D,1,1,Crystal Palace,2.4,0.5,62.0,39298.0,Enzo Fernández,4-2-3-1,3-4-3,Jarred Gillett,2024-09-01_13:30_Chelsea_Crystal Palace
231,2024-09-21,Chelsea,12:30,Premier League,Matchweek 5,Sat,Away,W,3,0,West Ham,2.2,0.9,47.0,62473.0,Enzo Fernández,4-2-3-1,3-4-3,Samuel Barrott,2024-09-21_12:30_Chelsea_West Ham
232,2024-09-24,Chelsea,19:45,EFL Cup,Third round,Tue,Home,W,5,0,Barrow,0.0,0.0,71.0,38868.0,Axel Disasi,4-2-3-1,5-3-2,Oliver Langford,2024-09-24_19:45_Barrow_Chelsea
233,2024-10-03,Chelsea,20:00,Conf Lg,League phase,Thu,Home,W,4,2,be Gent,1.7,1.1,70.0,38546.0,Axel Disasi,4-2-3-1,3-4-3,Daniel Schlager,2024-10-03_20:00_Chelsea_be Gent
234,2024-10-06,Chelsea,14:00,Premier League,Matchweek 7,Sun,Home,D,1,1,Nott'ham Forest,2.3,0.9,65.0,39501.0,Enzo Fernández,4-2-3-1,4-2-3-1,Chris Kavanagh,2024-10-06_14:00_Chelsea_Nott'ham Forest
235,2024-10-20,Chelsea,16:30,Premier League,Matchweek 8,Sun,Away,L,1,2,Liverpool,1.0,1.9,57.0,60277.0,Reece James,4-2-3-1,4-2-3-1,John Brooks,2024-10-20_16:30_Chelsea_Liverpool
236,2024-10-24,Chelsea,19:45 ,Conf Lg,League phase,Thu,Away,W,4,1,gr Panathinaikos,2.4,1.2,60.0,59742.0,Enzo Fernández,4-2-2-2,4-2-3-1,António Nobre,2024-10-24_19:45 (17:45)_Chelsea_gr Panathinaikos
237,2024-10-27,Chelsea,14:00 ,Premier League,Matchweek 9,Sun,Home,W,2,1,Newcastle Utd,1.6,1.8,50.0,39526.0,Reece James,4-2-3-1,4-3-3,Simon Hooper,2024-10-27_14:00 (15:00)_Chelsea_Newcastle Utd
238,2024-10-30,Chelsea,19:45 ,EFL Cup,Fourth round,Wed,Away,L,0,2,Newcastle Utd,0.0,0.0,66.0,51934.0,Enzo Fernández,4-2-3-1,4-3-3,Chris Kavanagh,2024-10-30_19:45 (20:45)_Chelsea_Newcastle Utd
239,2024-11-03,Chelsea,16:30 ,Premier League,Matchweek 10,Sun,Away,D,1,1,Manchester Utd,1.1,2.0,54.0,73813.0,Reece James,4-2-3-1,4-2-3-1,Robert Jones,2024-11-03_16:30 (17:30)_Chelsea_Manchester Utd
240,2024-11-07,Chelsea,20:00 ,Conf Lg,League phase,Thu,Home,W,8,0,am FC Noah,5.7,0.8,58.0,38305.0,Enzo Fernández,4-1-4-1,4-2-3-1,Christian-Petru Ciochirca,2024-11-07_20:00 (21:00)_Chelsea_am FC Noah
241,2024-11-23,Chelsea,12:30 ,Premier League,Matchweek 12,Sat,Away,W,2,1,Leicester City,2.7,1.1,63.0,31880.0,Enzo Fernández,4-2-3-1,4-4-1-1,Andy Madley,2024-11-23_12:30 (13:30)_Chelsea_Leicester City
242,2024-11-28,Chelsea,18:45,Conf Lg,League phase,Thu,Away,W,2,0,de Heidenheim,3.2,1.7,66.0,15000.0,Axel Disasi,4-2-3-1,4-1-4-1,Serdar Gözübüyük,2024-11-28_18:45_Chelsea_de Heidenheim
243,2024-12-04,Chelsea,19:30 ,Premier League,Matchweek 14,Wed,Away,W,5,1,Southampton,5.2,1.6,55.0,31193.0,Enzo Fernández,4-2-3-1,5-3-2,Tony Harrington,2024-12-04_19:30 (20:30)_Chelsea_Southampton
244,2024-12-08,Chelsea,16:30 ,Premier League,Matchweek 15,Sun,Away,W,4,3,Tottenham,2.8,2.8,61.0,61184.0,Enzo Fernández,4-2-3-1,4-3-3,Anthony Taylor,2024-12-08_16:30 (17:30)_Chelsea_Tottenham
245,2024-12-12,Chelsea,21:30 ,Conf Lg,League phase,Thu,Away,W,3,1,kz Astana FK,2.2,0.3,69.0,20982.0,Axel Disasi,3-4-3,5-4-1,Sven Jablonski,2024-12-12_21:30 (16:30)_Chelsea_kz Astana FK
246,2024-12-19,Chelsea,20:00 ,Conf Lg,League phase,Thu,Home,W,5,1,ie Shamrock Rovers,2.5,0.5,73.0,38467.0,Axel Disasi,4-2-3-1,3-4-3,Willy Delajod,2024-12-19_20:00 (21:00)_Chelsea_ie Shamrock Rovers
247,2024-12-22,Chelsea,14:00 ,Premier League,Matchweek 17,Sun,Away,D,0,0,Everton,1.2,1.0,75.0,39358.0,Enzo Fernández,4-2-3-1,4-3-3,Chris Kavanagh,2024-12-22_14:00 (15:00)_Chelsea_Everton
248,2024-12-26,Chelsea,15:00 ,Premier League,Matchweek 18,Thu,Home,L,1,2,Fulham,1.1,1.8,47.0,39687.0,Enzo Fernández,4-2-3-1,4-5-1,Samuel Barrott,2024-12-26_15:00 (16:00)_Chelsea_Fulham
249,2024-12-30,Chelsea,19:45 ,Premier League,Matchweek 19,Mon,Away,L,0,2,Ipswich Town,2.0,1.6,76.0,29968.0,Enzo Fernández,4-2-3-1,5-4-1,John Brooks,2024-12-30_19:45 (20:45)_Chelsea_Ipswich Town
250,2025-01-04,Chelsea,15:00 ,Premier League,Matchweek 20,Sat,Away,D,1,1,Crystal Palace,1.2,1.1,61.0,25179.0,Enzo Fernández,4-2-3-1,3-4-3,Tim Robinson,2025-01-04_15:00 (16:00)_Chelsea_Crystal Palace
251,2025-01-11,Chelsea,15:00 ,FA Cup,Third round proper,Sat,Home,W,5,0,Morecambe,0.0,0.0,59.37,38998.0,Reece James,4-1-4-1,4-5-1,Andrew Kitchen,2025-01-11_15:00 (16:00)_Chelsea_Morecambe
252,2025-01-20,Chelsea,20:00 ,Premier League,Matchweek 22,Mon,Home,W,3,1,Wolves,3.1,0.8,63.0,39221.0,Reece James,4-2-3-1,3-4-3,Simon Hooper,2025-01-20_20:00 (21:00)_Chelsea_Wolves
253,2025-01-25,Chelsea,17:30 ,Premier League,Matchweek 23,Sat,Away,L,1,3,Manchester City,1.8,2.2,44.0,52687.0,Reece James,4-2-3-1,4-3-3,John Brooks,2025-01-25_17:30 (18:30)_Chelsea_Manchester City
254,2025-02-03,Chelsea,20:00 ,Premier League,Matchweek 24,Mon,Home,W,2,1,West Ham,1.6,1.2,68.0,39459.0,Reece James,4-2-3-1,3-4-3,Stuart Attwell,2025-02-03_20:00 (21:00)_Chelsea_West Ham
255,2025-02-25,Chelsea,20:15,Premier League,Matchweek 27,Tue,Home,W,4,0,Southampton,2.4,0.7,60.0,39485.0,Enzo Fernández,4-2-3-1,5-4-1,Thomas Bramall,2025-02-25_20:15_Chelsea_Southampton
256,2025-03-06,Chelsea,18:45 ,Conf Lg,Round of 16,Thu,Away,W,2,1,dk FC Copenhagen,0.4,0.5,62.0,35859.0,Reece James,4-2-3-1,5-4-1,Georgi Kabakov,2025-03-06_18:45 (17:45)_Chelsea_dk FC Copenhagen
257,2025-03-09,Chelsea,14:00,Premier League,Matchweek 28,Sun,Home,W,1,0,Leicester City,1.7,0.1,56.0,39750.0,Enzo Fernández,4-2-3-1,3-4-3,Tim Robinson,2025-03-09_14:00_Chelsea_Leicester City
258,2025-03-13,Chelsea,20:00,Conf Lg,Round of 16,Thu,Home,W,1,0,dk FC Copenhagen,1.2,0.9,54.0,35280.0,Enzo Fernández,4-2-3-1,5-4-1,Radu Petrescu,2025-03-13_20:00_Chelsea_dk FC Copenhagen
259,2025-04-03,Chelsea,20:00 ,Premier League,Matchweek 30,Thu,Home,W,1,0,Tottenham,1.0,0.9,51.0,39852.0,Enzo Fernández,4-2-3-1,4-3-3,Craig Pawson,2025-04-03_20:00 (19:00)_Chelsea_Tottenham
260,2025-04-10,Chelsea,18:45 ,Conf Lg,Quarter-finals,Thu,Away,W,3,0,pl Legia Warsaw,4.1,0.5,72.0,29055.0,Reece James,4-2-3-1,5-4-1,Serdar Gözübüyük,2025-04-10_18:45 (17:45)_Chelsea_pl Legia Warsaw
261,2025-04-13,Chelsea,14:00,Premier League,Matchweek 32,Sun,Home,D,2,2,Ipswich Town,2.2,1.1,73.0,39805.0,Enzo Fernández,4-2-3-1,4-2-3-1,Stuart Attwell,2025-04-13_14:00_Chelsea_Ipswich Town
262,2025-04-17,Chelsea,20:00,Conf Lg,Quarter-finals,Thu,Home,L,1,2,pl Legia Warsaw,2.0,2.0,70.0,32549.0,Reece James,4-2-3-1,4-1-4-1,Alejandro Hernández,2025-04-17_20:00_Chelsea_pl Legia Warsaw
263,2025-04-20,Chelsea,14:00,Premier League,Matchweek 33,Sun,Away,W,2,1,Fulham,0.9,0.3,59.0,27712.0,Reece James,4-2-3-1,4-2-3-1,Anthony Taylor,2025-04-20_14:00_Chelsea_Fulham
264,2025-04-26,Chelsea,12:30,Premier League,Matchweek 34,Sat,Home,W,1,0,Everton,0.8,0.4,55.0,39894.0,Enzo Fernández,4-2-3-1,4-2-3-1,Chris Kavanagh,2025-04-26_12:30_Chelsea_Everton
265,2025-05-01,Chelsea,21:00 ,Conf Lg,Semi-finals,Thu,Away,W,4,1,se Djurgården,2.1,1.4,59.0,26703.0,Reece James,4-2-3-1,4-2-3-1,Sandro Schärer,2025-05-01_21:00 (20:00)_Chelsea_se Djurgården
266,2025-05-04,Chelsea,16:30,Premier League,Matchweek 35,Sun,Home,W,3,1,Liverpool,3.1,1.0,36.0,39829.0,Enzo Fernández,4-2-3-1,4-2-3-1,Simon Hooper,2025-05-04_16:30_Chelsea_Liverpool
267,2025-05-08,Chelsea,20:00,Conf Lg,Semi-finals,Thu,Home,W,1,0,se Djurgården,1.3,0.6,65.0,32464.0,Reece James,4-4-1-1,4-3-3,João Pinheiro,2025-05-08_20:00_Chelsea_se Djurgården
268,2025-05-11,Chelsea,12:00,Premier League,Matchweek 36,Sun,Away,L,0,2,Newcastle Utd,0.7,1.6,55.0,52231.0,Enzo Fernández,4-2-3-1,3-4-3,John Brooks,2025-05-11_12:00_Chelsea_Newcastle Utd
269,2025-05-16,Chelsea,20:15,Premier League,Matchweek 37,Fri,Home,W,1,0,Manchester Utd,0.8,0.3,47.0,39849.0,Reece James,4-2-3-1,3-4-3,Chris Kavanagh,2025-05-16_20:15_Chelsea_Manchester Utd
270,2025-05-25,Chelsea,16:00,Premier League,Matchweek 38,Sun,Away,W,1,0,Nott'ham Forest,1.1,1.2,48.0,30263.0,Reece James,4-2-3-1,4-3-1-2,Anthony Taylor,2025-05-25_16:00_Chelsea_Nott'ham Forest
271,2025-05-28,Chelsea,21:00 ,Conf Lg,Final,Wed,Neutral,W,4,1,es Betis,1.3,1.1,66.0,39754.0,Enzo Fernández,4-2-3-1,4-2-3-1,Irfan Peljto,2025-05-28_21:00 (20:00)_Chelsea_es Betis
272,2024-08-24,Crystal Palace,15:00,Premier League,Matchweek 2,Sat,Home,L,0,2,West Ham,1.3,1.4,58.0,25099.0,Marc Guéhi,3-4-3,4-1-4-1,Robert Jones,2024-08-24_15:00_Crystal Palace_West Ham
273,2024-08-27,Crystal Palace,20:00,EFL Cup,Second round,Tue,Home,W,4,0,Norwich City,0.0,0.0,44.0,12503.0,Marc Guéhi,3-4-3,4-2-3-1,Inconnu,2024-08-27_20:00_Crystal Palace_Norwich City
274,2024-09-14,Crystal Palace,15:00,Premier League,Matchweek 4,Sat,Home,D,2,2,Leicester City,2.5,1.2,66.0,25147.0,Marc Guéhi,3-4-3,4-2-3-1,Tony Harrington,2024-09-14_15:00_Crystal Palace_Leicester City
275,2024-09-17,Crystal Palace,19:45,EFL Cup,Third round,Tue,Away,W,2,1,QPR,0.0,0.0,57.0,13945.0,Marc Guéhi,3-4-3,4-2-3-1,Sunny Singh,2024-09-17_19:45_Crystal Palace_QPR
276,2024-09-21,Crystal Palace,17:30,Premier League,Matchweek 5,Sat,Home,D,0,0,Manchester Utd,1.0,1.6,33.0,25172.0,Marc Guéhi,3-4-3,4-2-3-1,David Coote,2024-09-21_17:30_Crystal Palace_Manchester Utd
277,2024-09-28,Crystal Palace,15:00,Premier League,Matchweek 6,Sat,Away,L,1,2,Everton,0.9,0.9,59.0,38954.0,Marc Guéhi,3-4-3,4-2-3-1,Andy Madley,2024-09-28_15:00_Crystal Palace_Everton
278,2024-10-05,Crystal Palace,12:30,Premier League,Matchweek 7,Sat,Home,L,0,1,Liverpool,0.6,1.4,32.0,25185.0,Marc Guéhi,3-4-3,4-2-3-1,Simon Hooper,2024-10-05_12:30_Crystal Palace_Liverpool
279,2024-10-21,Crystal Palace,20:00,Premier League,Matchweek 8,Mon,Away,L,0,1,Nott'ham Forest,1.0,1.7,49.0,29443.0,Marc Guéhi,3-1-4-2,4-2-3-1,Tim Robinson,2024-10-21_20:00_Crystal Palace_Nott'ham Forest
280,2024-10-27,Crystal Palace,14:00 ,Premier League,Matchweek 9,Sun,Home,W,1,0,Tottenham,0.8,0.7,34.0,25108.0,Marc Guéhi,3-4-3,4-3-3,Darren Bond,2024-10-27_14:00 (15:00)_Crystal Palace_Tottenham
281,2024-11-02,Crystal Palace,17:30 ,Premier League,Matchweek 10,Sat,Away,D,2,2,Wolves,2.4,1.5,43.0,31124.0,Marc Guéhi,3-4-3,3-4-3,Anthony Taylor,2024-11-02_17:30 (18:30)_Crystal Palace_Wolves
282,2024-11-09,Crystal Palace,15:00 ,Premier League,Matchweek 11,Sat,Home,L,0,2,Fulham,1.5,1.8,36.0,25142.0,Marc Guéhi,3-4-3,4-2-3-1,Michael Salisbury,2024-11-09_15:00 (16:00)_Crystal Palace_Fulham
283,2024-11-30,Crystal Palace,15:00 ,Premier League,Matchweek 13,Sat,Home,D,1,1,Newcastle Utd,1.7,0.0,49.0,25101.0,Marc Guéhi,3-4-3,4-3-3,Darren England,2024-11-30_15:00 (16:00)_Crystal Palace_Newcastle Utd
284,2024-12-03,Crystal Palace,19:30 ,Premier League,Matchweek 14,Tue,Away,W,1,0,Ipswich Town,1.6,0.5,46.0,29533.0,Marc Guéhi,3-4-3,4-2-3-1,Craig Pawson,2024-12-03_19:30 (20:30)_Crystal Palace_Ipswich Town
285,2024-12-07,Crystal Palace,15:00 ,Premier League,Matchweek 15,Sat,Home,D,2,2,Manchester City,1.3,1.4,32.0,25142.0,Marc Guéhi,3-4-3,4-2-3-1,Robert Jones,2024-12-07_15:00 (16:00)_Crystal Palace_Manchester City
286,2024-12-29,Crystal Palace,15:00 ,Premier League,Matchweek 19,Sun,Home,W,2,1,Southampton,2.0,0.9,47.0,25130.0,Will Hughes,3-4-3,3-4-3,Michael Salisbury,2024-12-29_15:00 (16:00)_Crystal Palace_Southampton
287,2025-01-12,Crystal Palace,15:00 ,FA Cup,Third round proper,Sun,Home,W,1,0,Stockport,0.0,0.0,42.79,21104.0,Marc Guéhi,3-4-3,3-5-2,Stuart Attwell,2025-01-12_15:00 (16:00)_Crystal Palace_Stockport
288,2025-01-15,Crystal Palace,19:30 ,Premier League,Matchweek 21,Wed,Away,W,2,0,Leicester City,1.8,1.7,43.0,29766.0,Marc Guéhi,3-4-3,4-2-3-1,Andy Madley,2025-01-15_19:30 (20:30)_Crystal Palace_Leicester City
289,2025-01-18,Crystal Palace,15:00 ,Premier League,Matchweek 22,Sat,Away,W,2,0,West Ham,1.3,0.3,47.0,62469.0,Marc Guéhi,3-4-3,3-4-3,Thomas Bramall,2025-01-18_15:00 (16:00)_Crystal Palace_West Ham
290,2025-02-02,Crystal Palace,14:00 ,Premier League,Matchweek 24,Sun,Away,W,2,0,Manchester Utd,2.6,1.1,34.0,73751.0,Marc Guéhi,3-4-3,3-4-3,John Brooks,2025-02-02_14:00 (15:00)_Crystal Palace_Manchester Utd
291,2025-02-10,Crystal Palace,19:45 ,FA Cup,Fourth round proper,Mon,Away,W,2,0,Doncaster,0.0,0.0,60.0,12739.0,Marc Guéhi,3-4-3,4-4-2,Farai Hallam,2025-02-10_19:45 (20:45)_Crystal Palace_Doncaster
292,2025-02-15,Crystal Palace,17:30 ,Premier League,Matchweek 25,Sat,Home,L,1,2,Everton,1.6,0.9,58.0,25108.0,Marc Guéhi,3-4-3,4-2-3-1,Anthony Taylor,2025-02-15_17:30 (18:30)_Crystal Palace_Everton
293,2025-02-22,Crystal Palace,15:00 ,Premier League,Matchweek 26,Sat,Away,W,2,0,Fulham,1.3,0.2,38.0,26777.0,Marc Guéhi,3-4-3,4-2-3-1,Robert Jones,2025-02-22_15:00 (16:00)_Crystal Palace_Fulham
294,2025-03-01,Crystal Palace,12:15,FA Cup,Fifth round proper,Sat,Home,W,3,1,Millwall,0.0,0.0,76.0,21263.0,Marc Guéhi,3-4-3,4-2-3-1,Michael Oliver,2025-03-01_12:15_Crystal Palace_Millwall
295,2025-03-08,Crystal Palace,15:00,Premier League,Matchweek 28,Sat,Home,W,1,0,Ipswich Town,3.2,1.5,55.0,25155.0,Marc Guéhi,3-4-3,4-2-3-1,Simon Hooper,2025-03-08_15:00_Crystal Palace_Ipswich Town
296,2025-03-29,Crystal Palace,12:15,FA Cup,Quarter-finals,Sat,Away,W,3,0,Fulham,0.0,0.0,29.0,26222.0,Marc Guéhi,3-4-3,4-2-3-1,Darren England,2025-03-29_12:15_Crystal Palace_Fulham
297,2025-04-02,Crystal Palace,19:45 ,Premier League,Matchweek 30,Wed,Away,D,1,1,Southampton,0.7,0.7,57.0,30158.0,Marc Guéhi,3-4-3,3-4-3,Andy Madley,2025-04-02_19:45 (18:45)_Crystal Palace_Southampton
298,2025-04-12,Crystal Palace,12:30,Premier League,Matchweek 32,Sat,Away,L,2,5,Manchester City,1.8,3.7,33.0,52489.0,Dean Henderson,3-4-3,4-2-3-1,Jarred Gillett,2025-04-12_12:30_Crystal Palace_Manchester City
299,2025-04-16,Crystal Palace,19:30,Premier League,Matchweek 29,Wed,Away,L,0,5,Newcastle Utd,2.0,1.5,41.0,52197.0,Marc Guéhi,3-4-3,4-3-3,Darren England,2025-04-16_19:30_Crystal Palace_Newcastle Utd
300,2025-05-05,Crystal Palace,20:00,Premier League,Matchweek 35,Mon,Home,D,1,1,Nott'ham Forest,2.3,0.7,50.0,25096.0,Marc Guéhi,3-4-3,4-2-3-1,Andy Madley,2025-05-05_20:00_Crystal Palace_Nott'ham Forest
301,2025-05-11,Crystal Palace,14:15,Premier League,Matchweek 36,Sun,Away,W,2,0,Tottenham,3.3,0.7,52.0,60254.0,Marc Guéhi,3-4-3,4-3-3,Chris Kavanagh,2025-05-11_14:15_Crystal Palace_Tottenham
302,2025-05-17,Crystal Palace,16:30,FA Cup,Final,Sat,Neutral,W,1,0,Manchester City,0.0,0.0,22.0,84163.0,Marc Guéhi,3-4-3,4-2-3-1,Stuart Attwell,2025-05-17_16:30_Crystal Palace_Manchester City
303,2025-05-20,Crystal Palace,20:00,Premier League,Matchweek 37,Tue,Home,W,4,2,Wolves,1.7,1.4,31.0,24766.0,Joel Ward,3-4-3,3-4-3,David Webb,2025-05-20_20:00_Crystal Palace_Wolves
304,2025-05-25,Crystal Palace,16:00,Premier League,Matchweek 38,Sun,Away,D,1,1,Liverpool,1.8,2.1,31.0,60382.0,Dean Henderson,3-4-3,4-2-3-1,Darren England,2025-05-25_16:00_Crystal Palace_Liverpool
305,2024-08-24,Everton,15:00,Premier League,Matchweek 2,Sat,Away,L,0,4,Tottenham,1.0,2.4,30.0,61357.0,James Tarkowski,4-2-3-1,4-3-3,Anthony Taylor,2024-08-24_15:00_Everton_Tottenham
306,2024-08-27,Everton,19:45,EFL Cup,Second round,Tue,Home,W,3,0,Doncaster,0.0,0.0,61.0,37245.0,Séamus Coleman,4-2-3-1,4-1-4-1,James Bell,2024-08-27_19:45_Doncaster_Everton
307,2024-09-17,Everton,19:45,EFL Cup,Third round,Tue,Home,D,1 (5),1 (6),Southampton,0.0,0.0,26.0,33842.0,Abdoulaye Doucouré,4-2-3-1,4-2-3-1,Darren Bond,2024-09-17_19:45_Everton_Southampton
308,2024-09-21,Everton,15:00,Premier League,Matchweek 5,Sat,Away,D,1,1,Leicester City,1.1,0.7,42.0,31765.0,James Tarkowski,4-2-3-1,4-2-3-1,Darren England,2024-09-21_15:00_Everton_Leicester City
309,2024-10-05,Everton,17:30,Premier League,Matchweek 7,Sat,Home,D,0,0,Newcastle Utd,0.7,2.1,33.0,39265.0,James Tarkowski,4-2-3-1,4-3-3,Craig Pawson,2024-10-05_17:30_Everton_Newcastle Utd
310,2024-10-19,Everton,15:00,Premier League,Matchweek 8,Sat,Away,W,2,0,Ipswich Town,1.7,1.3,45.0,29862.0,James Tarkowski,4-2-3-1,4-2-3-1,Michael Oliver,2024-10-19_15:00_Everton_Ipswich Town
311,2024-10-26,Everton,17:30,Premier League,Matchweek 9,Sat,Home,D,1,1,Fulham,0.8,1.2,40.0,38742.0,James Tarkowski,4-2-3-1,4-2-3-1,John Brooks,2024-10-26_17:30_Everton_Fulham
312,2024-11-02,Everton,15:00 ,Premier League,Matchweek 10,Sat,Away,L,0,1,Southampton,1.6,0.7,35.0,31143.0,James Tarkowski,4-2-3-1,5-4-1,Andy Madley,2024-11-02_15:00 (16:00)_Everton_Southampton
313,2024-11-09,Everton,15:00 ,Premier League,Matchweek 11,Sat,Away,D,0,0,West Ham,1.1,0.8,51.0,62463.0,James Tarkowski,4-2-3-1,4-1-4-1,Stuart Attwell,2024-11-09_15:00 (16:00)_Everton_West Ham
314,2024-12-01,Everton,13:30 ,Premier League,Matchweek 13,Sun,Away,L,0,4,Manchester Utd,0.6,1.1,40.0,73817.0,James Tarkowski,4-2-3-1,3-4-3,John Brooks,2024-12-01_13:30 (14:30)_Everton_Manchester Utd
315,2024-12-04,Everton,19:30 ,Premier League,Matchweek 14,Wed,Home,W,4,0,Wolves,1.0,0.8,44.0,38820.0,James Tarkowski,4-2-3-1,3-4-3,Michael Salisbury,2024-12-04_19:30 (20:30)_Everton_Wolves
316,2024-12-26,Everton,12:30 ,Premier League,Matchweek 18,Thu,Away,D,1,1,Manchester City,0.7,2.1,34.0,55527.0,Séamus Coleman,4-3-3,4-1-4-1,Simon Hooper,2024-12-26_12:30 (13:30)_Everton_Manchester City
317,2024-12-29,Everton,15:00 ,Premier League,Matchweek 19,Sun,Home,L,0,2,Nott'ham Forest,0.9,1.5,64.0,25414.0,James Tarkowski,4-3-3,4-2-3-1,Tony Harrington,2024-12-29_15:00 (16:00)_Everton_Nott'ham Forest
318,2025-01-09,Everton,19:45 ,FA Cup,Third round proper,Thu,Home,W,2,0,P'borough Utd,0.0,0.0,41.44,38895.0,Idrissa Gana Gueye,3-4-3,3-5-1-1,Thomas Bramall,2025-01-09_19:45 (20:45)_Everton_P'borough Utd
319,2025-01-19,Everton,14:00 ,Premier League,Matchweek 22,Sun,Home,W,3,2,Tottenham,1.8,1.1,36.0,39326.0,James Tarkowski,4-2-3-1,3-4-3,Darren England,2025-01-19_14:00 (15:00)_Everton_Tottenham
320,2025-02-01,Everton,15:00 ,Premier League,Matchweek 24,Sat,Home,W,4,0,Leicester City,2.5,0.3,48.0,39376.0,James Tarkowski,4-2-3-1,4-2-3-1,Darren Bond,2025-02-01_15:00 (16:00)_Everton_Leicester City
321,2025-02-12,Everton,19:30 ,Premier League,Matchweek 15,Wed,Home,D,2,2,Liverpool,1.0,0.6,37.0,39280.0,James Tarkowski,4-2-3-1,4-2-3-1,Michael Oliver,2025-02-12_19:30 (20:30)_Everton_Liverpool
322,2025-02-22,Everton,12:30 ,Premier League,Matchweek 26,Sat,Home,D,2,2,Manchester Utd,1.6,0.4,38.0,39290.0,James Tarkowski,4-2-3-1,3-4-3,Andy Madley,2025-02-22_12:30 (13:30)_Everton_Manchester Utd
323,2025-03-08,Everton,20:00,Premier League,Matchweek 28,Sat,Away,D,1,1,Wolves,1.2,0.8,34.0,30738.0,James Tarkowski,4-2-3-1,3-4-3,Stuart Attwell,2025-03-08_20:00_Everton_Wolves
324,2025-03-15,Everton,15:00,Premier League,Matchweek 29,Sat,Home,D,1,1,West Ham,1.0,0.8,54.0,39343.0,James Tarkowski,4-2-3-1,3-5-2,Darren Bond,2025-03-15_15:00_Everton_West Ham
325,2025-04-02,Everton,20:00 ,Premier League,Matchweek 30,Wed,Away,L,0,1,Liverpool,0.9,1.5,27.0,60457.0,James Tarkowski,4-2-3-1,4-2-3-1,Samuel Barrott,2025-04-02_20:00 (19:00)_Everton_Liverpool
326,2025-04-12,Everton,15:00,Premier League,Matchweek 32,Sat,Away,W,1,0,Nott'ham Forest,1.4,0.5,57.0,30199.0,James Tarkowski,4-2-3-1,4-2-3-1,Craig Pawson,2025-04-12_15:00_Everton_Nott'ham Forest
327,2025-04-19,Everton,15:00,Premier League,Matchweek 33,Sat,Home,L,0,2,Manchester City,0.9,2.0,33.0,39332.0,James Tarkowski,4-2-3-1,4-2-3-1,Simon Hooper,2025-04-19_15:00_Everton_Manchester City
328,2025-05-03,Everton,15:00,Premier League,Matchweek 35,Sat,Home,D,2,2,Ipswich Town,0.6,0.8,58.0,39305.0,Jordan Pickford,4-2-3-1,4-2-3-1,Lewis Smith,2025-05-03_15:00_Everton_Ipswich Town
329,2025-05-10,Everton,15:00,Premier League,Matchweek 36,Sat,Away,W,3,1,Fulham,1.1,0.8,36.0,27653.0,Jordan Pickford,4-2-3-1,4-2-3-1,Darren England,2025-05-10_15:00_Everton_Fulham
330,2025-05-18,Everton,12:00,Premier League,Matchweek 37,Sun,Home,W,2,0,Southampton,2.7,1.2,50.0,39201.0,Séamus Coleman,4-2-3-1,3-4-3,Michael Oliver,2025-05-18_12:00_Everton_Southampton
331,2025-05-25,Everton,16:00,Premier League,Matchweek 38,Sun,Away,W,1,0,Newcastle Utd,1.2,1.2,35.0,52221.0,Jordan Pickford,4-2-3-1,3-4-3,Tony Harrington,2025-05-25_16:00_Everton_Newcastle Utd
332,2024-08-16,Fulham,20:00,Premier League,Matchweek 1,Fri,Away,L,0,1,Manchester Utd,0.4,2.4,45.0,73297.0,Bernd Leno,4-2-3-1,4-2-3-1,Robert Jones,2024-08-16_20:00_Fulham_Manchester Utd
333,2024-08-24,Fulham,15:00,Premier League,Matchweek 2,Sat,Home,W,2,1,Leicester City,1.8,0.6,54.0,25401.0,Bernd Leno,4-2-3-1,4-2-3-1,Darren Bond,2024-08-24_15:00_Fulham_Leicester City
334,2024-08-27,Fulham,20:00,EFL Cup,Second round,Tue,Away,W,2,0,Birmingham City,0.0,0.0,43.0,11949.0,Tom Cairney,4-2-3-1,4-2-3-1,Inconnu,2024-08-27_20:00_Birmingham City_Fulham
335,2024-08-31,Fulham,15:00,Premier League,Matchweek 3,Sat,Away,D,1,1,Ipswich Town,0.9,0.4,52.0,29517.0,Bernd Leno,4-3-3,4-2-3-1,Lewis Smith,2024-08-31_15:00_Fulham_Ipswich Town
336,2024-09-14,Fulham,15:00,Premier League,Matchweek 4,Sat,Home,D,1,1,West Ham,1.5,0.8,54.0,26528.0,Bernd Leno,4-2-3-1,4-2-3-1,Tim Robinson,2024-09-14_15:00_Fulham_West Ham
337,2024-09-17,Fulham,19:45,EFL Cup,Third round,Tue,Away,D,1 (15),1 (16),Preston,0.0,0.0,71.0,5530.0,Tom Cairney,4-2-3-1,4-4-2,Robert Madley,2024-09-17_19:45_Fulham_Preston
338,2024-09-21,Fulham,15:00,Premier League,Matchweek 5,Sat,Home,W,3,1,Newcastle Utd,2.2,1.5,39.0,25700.0,Bernd Leno,4-2-3-1,4-3-3,Peter Bankes,2024-09-21_15:00_Fulham_Newcastle Utd
339,2024-09-28,Fulham,15:00,Premier League,Matchweek 6,Sat,Away,W,1,0,Nott'ham Forest,1.3,0.8,59.0,30139.0,Bernd Leno,4-2-3-1,4-4-2,Joshua Smith,2024-09-28_15:00_Fulham_Nott'ham Forest
340,2024-10-05,Fulham,15:00,Premier League,Matchweek 7,Sat,Away,L,2,3,Manchester City,2.6,1.6,42.0,53017.0,Bernd Leno,5-4-1,4-1-4-1,Peter Bankes,2024-10-05_15:00_Fulham_Manchester City
341,2024-11-23,Fulham,15:00 ,Premier League,Matchweek 12,Sat,Home,L,1,4,Wolves,1.0,1.3,59.0,26685.0,Bernd Leno,4-2-3-1,3-4-3,Robert Jones,2024-11-23_15:00 (16:00)_Fulham_Wolves
342,2024-12-01,Fulham,13:30 ,Premier League,Matchweek 13,Sun,Away,D,1,1,Tottenham,1.5,0.8,49.0,61141.0,Antonee Robinson,4-2-3-1,4-3-3,Darren Bond,2024-12-01_13:30 (14:30)_Fulham_Tottenham
343,2024-12-14,Fulham,15:00 ,Premier League,Matchweek 16,Sat,Away,D,2,2,Liverpool,1.2,2.1,39.0,60333.0,Antonee Robinson,4-2-3-1,4-3-3,Tony Harrington,2024-12-14_15:00 (16:00)_Fulham_Liverpool
344,2024-12-22,Fulham,14:00 ,Premier League,Matchweek 17,Sun,Home,D,0,0,Southampton,0.9,0.3,57.0,26819.0,Tom Cairney,4-2-3-1,3-4-1-2,Tim Robinson,2024-12-22_14:00 (15:00)_Fulham_Southampton
345,2025-01-05,Fulham,14:00 ,Premier League,Matchweek 20,Sun,Home,D,2,2,Ipswich Town,2.2,1.5,73.0,27042.0,Tom Cairney,3-4-3,5-4-1,Darren Bond,2025-01-05_14:00 (15:00)_Fulham_Ipswich Town
346,2025-01-09,Fulham,19:45 ,FA Cup,Third round proper,Thu,Home,W,4,1,Watford,0.0,0.0,53.47,15981.0,Andreas Pereira,4-2-3-1,5-4-1,Matt Donohue,2025-01-09_19:45 (20:45)_Fulham_Watford
347,2025-01-14,Fulham,19:30 ,Premier League,Matchweek 21,Tue,Away,L,2,3,West Ham,1.7,1.0,56.0,62456.0,Antonee Robinson,4-2-3-1,4-2-3-1,Craig Pawson,2025-01-14_19:30 (20:30)_Fulham_West Ham
348,2025-01-18,Fulham,15:00 ,Premier League,Matchweek 22,Sat,Away,W,2,0,Leicester City,2.0,0.6,60.0,31500.0,Antonee Robinson,4-2-3-1,4-2-3-1,Michael Salisbury,2025-01-18_15:00 (16:00)_Fulham_Leicester City
349,2025-01-26,Fulham,19:00 ,Premier League,Matchweek 23,Sun,Home,L,0,1,Manchester Utd,0.7,0.3,51.0,27288.0,Antonee Robinson,4-2-3-1,3-4-3,Anthony Taylor,2025-01-26_19:00 (20:00)_Fulham_Manchester Utd
350,2025-02-01,Fulham,15:00 ,Premier League,Matchweek 24,Sat,Away,W,2,1,Newcastle Utd,1.6,0.8,51.0,52173.0,Antonee Robinson,4-2-3-1,4-3-3,Chris Kavanagh,2025-02-01_15:00 (16:00)_Fulham_Newcastle Utd
351,2025-02-08,Fulham,15:00 ,FA Cup,Fourth round proper,Sat,Away,W,2,1,Wigan Athletic,0.0,0.0,69.0,12281.0,Tom Cairney,4-2-3-1,4-2-3-1,David Webb,2025-02-08_15:00 (16:00)_Fulham_Wigan Athletic
352,2025-02-15,Fulham,15:00 ,Premier League,Matchweek 25,Sat,Home,W,2,1,Nott'ham Forest,2.1,0.4,55.0,27164.0,Antonee Robinson,4-2-3-1,3-5-2,Thomas Bramall,2025-02-15_15:00 (16:00)_Fulham_Nott'ham Forest
353,2025-02-25,Fulham,19:30,Premier League,Matchweek 27,Tue,Away,W,2,1,Wolves,1.7,1.3,40.0,28708.0,Bernd Leno,3-4-3,3-4-3,Peter Bankes,2025-02-25_19:30_Fulham_Wolves
354,2025-03-02,Fulham,16:30,FA Cup,Fifth round proper,Sun,Away,D,1 (4),1 (3),Manchester Utd,0.0,0.0,59.0,67614.0,Antonee Robinson,4-2-3-1,3-4-3,Stuart Attwell,2025-03-02_16:30_Fulham_Manchester Utd
355,2025-03-16,Fulham,13:30,Premier League,Matchweek 29,Sun,Home,W,2,0,Tottenham,1.0,0.9,57.0,27182.0,Antonee Robinson,4-2-3-1,4-3-3,Andy Madley,2025-03-16_13:30_Fulham_Tottenham
356,2025-04-06,Fulham,14:00,Premier League,Matchweek 31,Sun,Home,W,3,2,Liverpool,0.7,1.5,37.0,27770.0,Antonee Robinson,4-2-3-1,4-2-3-1,Chris Kavanagh,2025-04-06_14:00_Fulham_Liverpool
357,2025-04-26,Fulham,15:00,Premier League,Matchweek 34,Sat,Away,W,2,1,Southampton,2.4,0.6,65.0,28946.0,Bernd Leno,4-3-3,3-4-3,Tony Harrington,2025-04-26_15:00_Fulham_Southampton
358,2025-05-25,Fulham,16:00,Premier League,Matchweek 38,Sun,Home,L,0,2,Manchester City,1.3,3.0,47.0,27671.0,Tom Cairney,4-2-3-1,4-2-3-1,Andy Madley,2025-05-25_16:00_Fulham_Manchester City
359,2024-08-17,Ipswich Town,12:30,Premier League,Matchweek 1,Sat,Home,L,0,2,Liverpool,0.5,2.6,38.0,30014.0,Sam Morsy,4-2-3-1,4-2-3-1,Tim Robinson,2024-08-17_12:30_Ipswich Town_Liverpool
360,2024-08-24,Ipswich Town,15:00,Premier League,Matchweek 2,Sat,Away,L,1,4,Manchester City,0.3,3.3,25.0,53147.0,Sam Morsy,5-4-1,3-2-4-1,Samuel Allison,2024-08-24_15:00_Ipswich Town_Manchester City
361,2024-08-28,Ipswich Town,19:45,EFL Cup,Second round,Wed,Away,D,2 (2),2 (4),AFC Wimbledon,0.0,0.0,79.0,7934.0,Conor Chaplin,4-2-3-1,3-5-2,James Linington,2024-08-28_19:45_AFC Wimbledon_Ipswich Town
362,2024-09-21,Ipswich Town,15:00,Premier League,Matchweek 5,Sat,Away,D,1,1,Southampton,1.6,2.4,47.0,31117.0,Sam Morsy,4-2-3-1,4-2-3-1,Samuel Allison,2024-09-21_15:00_Ipswich Town_Southampton
363,2024-10-05,Ipswich Town,15:00,Premier League,Matchweek 7,Sat,Away,L,1,4,West Ham,0.6,3.6,48.0,62467.0,Sam Morsy,4-2-3-1,4-1-4-1,Anthony Taylor,2024-10-05_15:00_Ipswich Town_West Ham
364,2024-11-02,Ipswich Town,15:00 ,Premier League,Matchweek 10,Sat,Home,D,1,1,Leicester City,1.0,1.5,43.0,29874.0,Sam Morsy,4-2-3-1,4-2-3-1,Tim Robinson,2024-11-02_15:00 (16:00)_Ipswich Town_Leicester City
365,2024-11-10,Ipswich Town,14:00 ,Premier League,Matchweek 11,Sun,Away,W,2,1,Tottenham,1.6,1.5,34.0,61505.0,Sam Morsy,4-2-3-1,4-3-3,Darren England,2024-11-10_14:00 (15:00)_Ipswich Town_Tottenham
366,2024-11-24,Ipswich Town,16:30 ,Premier League,Matchweek 12,Sun,Home,D,1,1,Manchester Utd,1.6,0.8,40.0,30017.0,Sam Morsy,4-2-3-1,3-4-3,Anthony Taylor,2024-11-24_16:30 (17:30)_Ipswich Town_Manchester Utd
367,2024-11-30,Ipswich Town,15:00 ,Premier League,Matchweek 13,Sat,Away,L,0,1,Nott'ham Forest,0.6,1.6,55.0,30237.0,Sam Morsy,4-2-3-1,4-2-3-1,Tony Harrington,2024-11-30_15:00 (16:00)_Ipswich Town_Nott'ham Forest
368,2024-12-14,Ipswich Town,15:00 ,Premier League,Matchweek 16,Sat,Away,W,2,1,Wolves,1.1,1.3,46.0,30866.0,Sam Morsy,4-2-3-1,3-4-3,Simon Hooper,2024-12-14_15:00 (16:00)_Ipswich Town_Wolves
369,2024-12-21,Ipswich Town,15:00 ,Premier League,Matchweek 17,Sat,Home,L,0,4,Newcastle Utd,0.7,2.3,42.0,29774.0,Sam Morsy,4-2-3-1,4-3-3,Stuart Attwell,2024-12-21_15:00 (16:00)_Ipswich Town_Newcastle Utd
370,2025-01-12,Ipswich Town,15:00 ,FA Cup,Third round proper,Sun,Home,W,3,0,Bristol Rovers,0.0,0.0,41.8,27678.0,Luke Woolfenden,4-2-3-1,4-2-3-1,Oliver Langford,2025-01-12_15:00 (16:00)_Bristol Rovers_Ipswich Town
371,2025-01-19,Ipswich Town,16:30 ,Premier League,Matchweek 22,Sun,Home,L,0,6,Manchester City,0.5,3.0,33.0,29841.0,Sam Morsy,5-4-1,4-2-3-1,Samuel Barrott,2025-01-19_16:30 (17:30)_Ipswich Town_Manchester City
372,2025-01-25,Ipswich Town,15:00 ,Premier League,Matchweek 23,Sat,Away,L,1,4,Liverpool,0.5,2.0,30.0,60420.0,Sam Morsy,4-2-3-1,4-2-3-1,Michael Salisbury,2025-01-25_15:00 (16:00)_Ipswich Town_Liverpool
373,2025-02-01,Ipswich Town,15:00 ,Premier League,Matchweek 24,Sat,Home,L,1,2,Southampton,1.8,0.9,57.0,29902.0,Sam Morsy,4-2-3-1,3-4-3,Michael Oliver,2025-02-01_15:00 (16:00)_Ipswich Town_Southampton
374,2025-02-08,Ipswich Town,15:00 ,FA Cup,Fourth round proper,Sat,Away,W,4,1,Coventry City,0.0,0.0,47.0,30055.0,Luke Woolfenden,4-2-3-1,5-4-1,Ben Toner,2025-02-08_15:00 (16:00)_Coventry City_Ipswich Town
375,2025-02-22,Ipswich Town,15:00 ,Premier League,Matchweek 26,Sat,Home,L,1,4,Tottenham,1.1,1.7,42.0,30003.0,Dara O'Shea,4-2-3-1,4-3-3,Tim Robinson,2025-02-22_15:00 (16:00)_Ipswich Town_Tottenham
376,2025-02-26,Ipswich Town,19:30,Premier League,Matchweek 27,Wed,Away,L,2,3,Manchester Utd,1.4,0.7,55.0,73827.0,Sam Morsy,3-4-3,3-4-3,Darren England,2025-02-26_19:30_Ipswich Town_Manchester Utd
377,2025-03-03,Ipswich Town,19:30,FA Cup,Fifth round proper,Mon,Away,D,1 (4),1 (5),Nott'ham Forest,0.0,0.0,46.0,29171.0,Sam Morsy,4-2-3-1,4-2-3-1,Tony Harrington,2025-03-03_19:30_Ipswich Town_Nott'ham Forest
378,2025-03-15,Ipswich Town,15:00,Premier League,Matchweek 29,Sat,Home,L,2,4,Nott'ham Forest,0.4,1.5,55.0,29878.0,Dara O'Shea,4-2-3-1,4-2-3-1,Michael Salisbury,2025-03-15_15:00_Ipswich Town_Nott'ham Forest
379,2025-04-05,Ipswich Town,15:00 ,Premier League,Matchweek 31,Sat,Home,L,1,2,Wolves,0.8,2.6,45.0,29549.0,Sam Morsy,4-2-3-1,3-4-3,Peter Bankes,2025-04-05_15:00 (14:00)_Ipswich Town_Wolves
380,2025-04-26,Ipswich Town,15:00,Premier League,Matchweek 34,Sat,Away,L,0,3,Newcastle Utd,0.1,2.4,23.0,52171.0,Sam Morsy,4-4-1-1,4-3-3,Michael Salisbury,2025-04-26_15:00_Ipswich Town_Newcastle Utd
381,2025-05-18,Ipswich Town,15:00,Premier League,Matchweek 37,Sun,Away,L,0,2,Leicester City,1.4,0.8,50.0,31986.0,Sam Morsy,4-2-3-1,4-2-3-1,Andrew Kitchen,2025-05-18_15:00_Ipswich Town_Leicester City
382,2025-05-25,Ipswich Town,16:00,Premier League,Matchweek 38,Sun,Home,L,1,3,West Ham,0.7,1.1,42.0,29771.0,Sam Morsy,4-2-3-1,3-1-4-2,Tim Robinson,2025-05-25_16:00_Ipswich Town_West Ham
383,2024-08-19,Leicester City,20:00,Premier League,Matchweek 1,Mon,Home,D,1,1,Tottenham,1.0,1.2,30.0,31977.0,Jamie Vardy,4-2-3-1,4-3-3,Chris Kavanagh,2024-08-19_20:00_Leicester City_Tottenham
384,2024-08-27,Leicester City,19:45,EFL Cup,Second round,Tue,Home,W,4,0,Tranmere Rovers,0.0,0.0,71.0,13011.0,Ricardo Pereira,4-3-3,4-4-2,Inconnu,2024-08-27_19:45_Leicester City_Tranmere Rovers
385,2024-09-24,Leicester City,19:45,EFL Cup,Third round,Tue,Away,D,0 (3),0 (0),Walsall,0.0,0.0,74.0,8010.0,Ricardo Pereira,4-2-3-1,3-5-2,Tom Nield,2024-09-24_19:45_Leicester City_Walsall
386,2024-10-19,Leicester City,15:00,Premier League,Matchweek 8,Sat,Away,W,3,2,Southampton,3.1,2.1,58.0,31145.0,Jamie Vardy,4-2-3-1,4-5-1,Anthony Taylor,2024-10-19_15:00_Leicester City_Southampton
387,2024-10-25,Leicester City,20:00,Premier League,Matchweek 9,Fri,Home,L,1,3,Nott'ham Forest,0.8,1.7,65.0,31879.0,Jamie Vardy,4-2-3-1,4-2-3-1,Craig Pawson,2024-10-25_20:00_Leicester City_Nott'ham Forest
388,2024-10-30,Leicester City,19:45 ,EFL Cup,Fourth round,Wed,Away,L,2,5,Manchester Utd,0.0,0.0,44.0,73470.0,Conor Coady,4-2-3-1,4-2-3-1,Andy Madley,2024-10-30_19:45 (20:45)_Leicester City_Manchester Utd
389,2024-11-10,Leicester City,14:00 ,Premier League,Matchweek 11,Sun,Away,L,0,3,Manchester Utd,0.6,0.8,49.0,73829.0,Harry Winks,4-3-3,4-2-3-1,Peter Bankes,2024-11-10_14:00 (15:00)_Leicester City_Manchester Utd
390,2024-12-03,Leicester City,20:15 ,Premier League,Matchweek 14,Tue,Home,W,3,1,West Ham,1.7,3.0,39.0,30947.0,Jamie Vardy,4-2-3-1,4-2-3-1,Joshua Smith,2024-12-03_20:15 (21:15)_Leicester City_West Ham
391,2024-12-14,Leicester City,15:00 ,Premier League,Matchweek 16,Sat,Away,L,0,4,Newcastle Utd,0.2,3.8,41.0,52235.0,Jamie Vardy,4-2-3-1,4-3-3,Thomas Bramall,2024-12-14_15:00 (16:00)_Leicester City_Newcastle Utd
392,2024-12-22,Leicester City,14:00 ,Premier League,Matchweek 17,Sun,Home,L,0,3,Wolves,0.8,1.1,54.0,31818.0,Jamie Vardy,4-2-3-1,3-4-3,Anthony Taylor,2024-12-22_14:00 (15:00)_Leicester City_Wolves
393,2024-12-26,Leicester City,20:00 ,Premier League,Matchweek 18,Thu,Away,L,1,3,Liverpool,0.3,2.0,32.0,60300.0,Conor Coady,4-2-3-1,4-2-3-1,Darren Bond,2024-12-26_20:00 (21:00)_Leicester City_Liverpool
394,2024-12-29,Leicester City,14:30 ,Premier League,Matchweek 19,Sun,Home,L,0,2,Manchester City,1.3,1.3,53.0,32057.0,Jamie Vardy,4-2-3-1,4-1-4-1,Michael Oliver,2024-12-29_14:30 (15:30)_Leicester City_Manchester City
395,2025-01-11,Leicester City,14:00 ,FA Cup,Third round proper,Sat,Home,W,6,2,QPR,0.0,0.0,46.64,28242.0,Jamie Vardy,4-2-3-1,4-2-3-1,David Webb,2025-01-11_14:00 (15:00)_Leicester City_QPR
396,2025-01-26,Leicester City,14:00 ,Premier League,Matchweek 23,Sun,Away,W,2,1,Tottenham,1.6,1.0,39.0,61295.0,Jamie Vardy,4-2-3-1,4-3-3,Robert Jones,2025-01-26_14:00 (15:00)_Leicester City_Tottenham
397,2025-02-07,Leicester City,20:00 ,FA Cup,Fourth round proper,Fri,Away,L,1,2,Manchester Utd,0.0,0.0,44.0,73693.0,Wilfred Ndidi,4-2-3-1,3-4-3,Michael Salisbury,2025-02-07_20:00 (21:00)_Leicester City_Manchester Utd
398,2025-02-27,Leicester City,20:00,Premier League,Matchweek 27,Thu,Away,L,0,2,West Ham,0.4,1.3,42.0,62455.0,Jamie Vardy,4-2-3-1,3-5-2,Anthony Taylor,2025-02-27_20:00_Leicester City_West Ham
399,2025-03-16,Leicester City,19:00,Premier League,Matchweek 29,Sun,Home,L,0,3,Manchester Utd,1.0,0.9,53.0,31773.0,Jamie Vardy,3-4-3,3-4-3,Thomas Bramall,2025-03-16_19:00_Leicester City_Manchester Utd
400,2025-04-02,Leicester City,19:45 ,Premier League,Matchweek 30,Wed,Away,L,0,2,Manchester City,0.1,2.2,28.0,52148.0,Jamie Vardy,3-4-3,4-2-3-1,Darren England,2025-04-02_19:45 (18:45)_Leicester City_Manchester City
401,2025-04-07,Leicester City,20:00,Premier League,Matchweek 31,Mon,Home,L,0,3,Newcastle Utd,0.5,3.2,58.0,30403.0,Jamie Vardy,3-4-3,4-3-3,Robert Jones,2025-04-07_20:00_Leicester City_Newcastle Utd
402,2025-04-20,Leicester City,16:30,Premier League,Matchweek 33,Sun,Home,L,0,1,Liverpool,0.3,2.5,42.0,30402.0,Jamie Vardy,4-2-3-1,4-2-3-1,Stuart Attwell,2025-04-20_16:30_Leicester City_Liverpool
403,2025-04-26,Leicester City,15:00,Premier League,Matchweek 34,Sat,Away,L,0,3,Wolves,1.1,2.0,44.0,31518.0,Jamie Vardy,4-2-3-1,3-4-3,Samuel Barrott,2025-04-26_15:00_Leicester City_Wolves
404,2025-05-03,Leicester City,15:00,Premier League,Matchweek 35,Sat,Home,W,2,0,Southampton,1.4,0.5,49.0,31240.0,Jamie Vardy,4-2-3-1,3-4-3,David Webb,2025-05-03_15:00_Leicester City_Southampton
405,2025-05-11,Leicester City,14:15,Premier League,Matchweek 36,Sun,Away,D,2,2,Nott'ham Forest,1.1,1.3,45.0,30245.0,Jamie Vardy,4-2-3-1,4-2-3-1,Tony Harrington,2025-05-11_14:15_Leicester City_Nott'ham Forest
406,2024-09-01,Liverpool,16:00,Premier League,Matchweek 3,Sun,Away,W,3,0,Manchester Utd,1.8,1.4,47.0,73738.0,Virgil van Dijk,4-2-3-1,4-2-3-1,Anthony Taylor,2024-09-01_16:00_Liverpool_Manchester Utd
407,2024-09-14,Liverpool,15:00,Premier League,Matchweek 4,Sat,Home,L,0,1,Nott'ham Forest,0.9,0.4,68.0,60344.0,Virgil van Dijk,4-2-3-1,4-2-3-1,Michael Oliver,2024-09-14_15:00_Liverpool_Nott'ham Forest
408,2024-09-17,Liverpool,21:00 ,Champions Lg,League phase,Tue,Away,W,3,1,it Milan,3.1,0.6,51.0,59826.0,Virgil van Dijk,4-2-3-1,4-2-3-1,Espen Eskås,2024-09-17_21:00 (20:00)_Liverpool_it Milan
409,2024-09-25,Liverpool,20:00,EFL Cup,Third round,Wed,Home,W,5,1,West Ham,0.0,0.0,61.0,60044.0,Joe Gomez,4-2-3-1,4-2-3-1,Andy Madley,2024-09-25_20:00_Liverpool_West Ham
410,2024-09-28,Liverpool,17:30,Premier League,Matchweek 6,Sat,Away,W,2,1,Wolves,2.5,0.6,55.0,31413.0,Virgil van Dijk,4-2-3-1,4-1-4-1,Anthony Taylor,2024-09-28_17:30_Liverpool_Wolves
411,2024-10-02,Liverpool,20:00,Champions Lg,League phase,Wed,Home,W,2,0,it Bologna,1.2,0.6,51.0,59816.0,Virgil van Dijk,4-2-3-1,4-1-4-1,Nikola Dabanović,2024-10-02_20:00_Liverpool_it Bologna
412,2024-10-23,Liverpool,21:00 ,Champions Lg,League phase,Wed,Away,W,1,0,de RB Leipzig,2.3,0.8,57.0,45228.0,Virgil van Dijk,4-3-3,4-4-2,Sandro Schärer,2024-10-23_21:00 (20:00)_Liverpool_de RB Leipzig
413,2024-11-05,Liverpool,20:00 ,Champions Lg,League phase,Tue,Home,W,4,0,de Leverkusen,3.7,0.9,47.0,59790.0,Virgil van Dijk,4-3-3,3-5-2,Danny Makkelie,2024-11-05_20:00 (21:00)_Liverpool_de Leverkusen
414,2024-11-24,Liverpool,14:00 ,Premier League,Matchweek 12,Sun,Away,W,3,2,Southampton,3.1,1.3,62.0,31278.0,Virgil van Dijk,4-2-3-1,5-4-1,Samuel Barrott,2024-11-24_14:00 (15:00)_Liverpool_Southampton
415,2024-11-27,Liverpool,20:00 ,Champions Lg,League phase,Wed,Home,W,2,0,es Real Madrid,2.7,1.2,63.0,59546.0,Virgil van Dijk,4-3-3,4-2-2-2,François Letexier,2024-11-27_20:00 (21:00)_Liverpool_es Real Madrid
416,2024-12-01,Liverpool,16:00 ,Premier League,Matchweek 13,Sun,Home,W,2,0,Manchester City,3.4,0.8,44.0,60248.0,Virgil van Dijk,4-2-3-1,4-2-3-1,Chris Kavanagh,2024-12-01_16:00 (17:00)_Liverpool_Manchester City
417,2024-12-04,Liverpool,19:30 ,Premier League,Matchweek 14,Wed,Away,D,3,3,Newcastle Utd,1.9,2.1,58.0,52237.0,Virgil van Dijk,4-2-3-1,4-3-3,Andy Madley,2024-12-04_19:30 (20:30)_Liverpool_Newcastle Utd
418,2024-12-10,Liverpool,18:45,Champions Lg,League phase,Tue,Away,W,1,0,es Girona,1.8,1.2,62.0,9241.0,Virgil van Dijk,4-3-3,4-2-3-1,Benoît Bastien,2024-12-10_18:45_Liverpool_es Girona
419,2024-12-18,Liverpool,20:00 ,EFL Cup,Quarter-finals,Wed,Away,W,2,1,Southampton,0.0,0.0,69.0,26503.0,Trent Alexander-Arnold,4-3-3,5-4-1,Simon Hooper,2024-12-18_20:00 (21:00)_Liverpool_Southampton
420,2024-12-22,Liverpool,16:30 ,Premier League,Matchweek 17,Sun,Away,W,6,3,Tottenham,5.6,1.3,48.0,61439.0,Virgil van Dijk,4-2-3-1,4-2-3-1,Samuel Barrott,2024-12-22_16:30 (17:30)_Liverpool_Tottenham
421,2024-12-29,Liverpool,17:15 ,Premier League,Matchweek 19,Sun,Away,W,5,0,West Ham,3.1,0.4,54.0,62476.0,Virgil van Dijk,4-2-3-1,4-2-3-1,Anthony Taylor,2024-12-29_17:15 (18:15)_Liverpool_West Ham
422,2025-01-05,Liverpool,16:30 ,Premier League,Matchweek 20,Sun,Home,D,2,2,Manchester Utd,2.7,1.0,53.0,60275.0,Virgil van Dijk,4-2-3-1,3-4-3,Michael Oliver,2025-01-05_16:30 (17:30)_Liverpool_Manchester Utd
423,2025-01-08,Liverpool,20:00 ,EFL Cup,Semi-finals,Wed,Away,L,0,1,Tottenham,0.0,0.0,60.0,49691.2,Virgil van Dijk,4-2-3-1,4-3-3,Stuart Attwell,2025-01-08_20:00 (21:00)_Liverpool_Tottenham
424,2025-01-11,Liverpool,12:15 ,FA Cup,Third round proper,Sat,Home,W,4,0,Acc'ton Stanley,0.0,0.0,57.35,60261.0,Trent Alexander-Arnold,4-3-3,4-3-1-2,Lewis Smith,2025-01-11_12:15 (13:15)_Acc'ton Stanley_Liverpool
425,2025-01-14,Liverpool,20:00 ,Premier League,Matchweek 21,Tue,Away,D,1,1,Nott'ham Forest,2.0,0.3,70.0,30249.0,Virgil van Dijk,4-2-3-1,4-2-3-1,Chris Kavanagh,2025-01-14_20:00 (21:00)_Liverpool_Nott'ham Forest
426,2025-01-21,Liverpool,20:00 ,Champions Lg,League phase,Tue,Home,W,2,1,fr Lille,2.5,0.5,56.0,59782.0,Virgil van Dijk,4-3-3,4-2-3-1,Felix Zwayer,2025-01-21_20:00 (21:00)_Liverpool_fr Lille
427,2025-01-29,Liverpool,21:00,Champions Lg,League phase,Wed,Away,L,2,3,nl PSV Eindhoven,1.6,1.3,47.0,35000.0,Andrew Robertson,4-3-3,4-4-2,Tobias Stieler,2025-01-29_21:00_Liverpool_nl PSV Eindhoven
428,2025-02-06,Liverpool,20:00 ,EFL Cup,Semi-finals,Thu,Home,W,4,0,Tottenham,0.0,0.0,64.0,60395.0,Virgil van Dijk,4-2-3-1,4-3-3,Craig Pawson,2025-02-06_20:00 (21:00)_Liverpool_Tottenham
429,2025-02-09,Liverpool,15:00 ,FA Cup,Fourth round proper,Sun,Away,L,0,1,Plymouth Argyle,0.0,0.0,75.0,16724.0,Joe Gomez,4-3-3,3-4-3,Samuel Barrott,2025-02-09_15:00 (16:00)_Liverpool_Plymouth Argyle
430,2025-02-16,Liverpool,14:00 ,Premier League,Matchweek 25,Sun,Home,W,2,1,Wolves,1.7,1.5,50.0,60248.0,Virgil van Dijk,4-2-3-1,3-4-3,Simon Hooper,2025-02-16_14:00 (15:00)_Liverpool_Wolves
431,2025-02-23,Liverpool,16:30,Premier League,Matchweek 26,Sun,Away,W,2,0,Manchester City,0.7,0.6,34.0,52803.0,Virgil van Dijk,4-2-2-2,4-1-4-1,Anthony Taylor,2025-02-23_16:30_Liverpool_Manchester City
432,2025-02-26,Liverpool,20:15,Premier League,Matchweek 27,Wed,Home,W,2,0,Newcastle Utd,1.7,0.2,61.0,60374.0,Virgil van Dijk,4-2-3-1,4-2-3-1,Stuart Attwell,2025-02-26_20:15_Liverpool_Newcastle Utd
433,2025-03-05,Liverpool,21:00 ,Champions Lg,Round of 16,Wed,Away,W,1,0,fr Paris S-G,0.3,1.6,30.0,47511.0,Virgil van Dijk,4-2-3-1,4-3-3,Davide Massa,2025-03-05_21:00 (20:00)_Liverpool_fr Paris S-G
434,2025-03-08,Liverpool,15:00,Premier League,Matchweek 28,Sat,Home,W,3,1,Southampton,3.9,0.4,71.0,60399.0,Virgil van Dijk,4-3-3,4-2-3-1,Lewis Smith,2025-03-08_15:00_Liverpool_Southampton
435,2025-03-11,Liverpool,20:00,Champions Lg,Round of 16,Tue,Home,L,0 (1),1 (4),fr Paris S-G,1.5,2.6,46.0,59765.0,Virgil van Dijk,4-2-3-1,4-3-3,István Kovács,2025-03-11_20:00_Liverpool_fr Paris S-G
436,2025-03-16,Liverpool,16:30,EFL Cup,Final,Sun,Neutral,L,1,2,Newcastle Utd,0.0,0.0,66.0,88513.0,Virgil van Dijk,4-2-3-1,4-3-3,John Brooks,2025-03-16_16:30_Liverpool_Newcastle Utd
437,2025-04-13,Liverpool,14:00,Premier League,Matchweek 32,Sun,Home,W,2,1,West Ham,1.8,1.4,55.0,60376.0,Virgil van Dijk,4-2-3-1,3-5-2,Andy Madley,2025-04-13_14:00_Liverpool_West Ham
438,2025-04-27,Liverpool,16:30,Premier League,Matchweek 34,Sun,Home,W,5,1,Tottenham,2.2,0.5,61.0,60415.0,Virgil van Dijk,4-2-3-1,4-3-3,Thomas Bramall,2025-04-27_16:30_Liverpool_Tottenham
439,2024-08-10,Manchester City,15:00,FA Community Shield,FA Community Shield,Sat,Home,D,1 (7),1 (6),Manchester Utd,0.0,0.0,56.0,78146.0,Rúben Dias,4-3-3,4-2-3-1,Jarred Gillett,2024-08-10_15:00_Manchester City_Manchester Utd
440,2024-08-31,Manchester City,17:30,Premier League,Matchweek 3,Sat,Away,W,3,1,West Ham,3.0,0.7,67.0,62469.0,Kevin De Bruyne,3-2-4-1,4-2-3-1,Michael Oliver,2024-08-31_17:30_Manchester City_West Ham
441,2024-09-18,Manchester City,20:00,Champions Lg,League phase,Wed,Home,D,0,0,it Inter,2.3,0.7,60.0,50922.0,Kevin De Bruyne,3-2-4-1,3-5-2,Glenn Nyberg,2024-09-18_20:00_Manchester City_it Inter
442,2024-09-24,Manchester City,19:45,EFL Cup,Third round,Tue,Home,W,2,1,Watford,0.0,0.0,72.0,40584.0,Kyle Walker,3-2-4-1,5-3-2,David Webb,2024-09-24_19:45_Manchester City_Watford
443,2024-09-28,Manchester City,12:30,Premier League,Matchweek 6,Sat,Away,D,1,1,Newcastle Utd,0.9,1.6,62.0,52248.0,Kyle Walker,4-2-3-1,4-3-3,Jarred Gillett,2024-09-28_12:30_Manchester City_Newcastle Utd
444,2024-10-01,Manchester City,21:00 ,Champions Lg,League phase,Tue,Away,W,4,0,sk Slovan Bratislava,3.7,0.1,75.0,22500.0,İlkay Gündoğan,4-2-3-1,4-2-3-1,Davide Massa,2024-10-01_21:00 (20:00)_Manchester City_sk Slovan Bratislava
445,2024-10-20,Manchester City,14:00,Premier League,Matchweek 8,Sun,Away,W,2,1,Wolves,1.6,0.8,77.0,31319.0,Rúben Dias,4-1-4-1,3-5-2,Chris Kavanagh,2024-10-20_14:00_Manchester City_Wolves
446,2024-10-23,Manchester City,20:00,Champions Lg,League phase,Wed,Home,W,5,0,cz Sparta Prague,2.9,0.2,79.0,50116.0,Bernardo Silva,4-1-4-1,3-4-3,Maurizio Mariani,2024-10-23_20:00_Manchester City_cz Sparta Prague
447,2024-10-26,Manchester City,15:00,Premier League,Matchweek 9,Sat,Home,W,1,0,Southampton,2.9,0.2,57.0,52844.0,Rúben Dias,4-1-4-1,5-4-1,Tony Harrington,2024-10-26_15:00_Manchester City_Southampton
448,2024-10-30,Manchester City,20:15 ,EFL Cup,Fourth round,Wed,Away,L,1,2,Tottenham,0.0,0.0,68.0,60797.0,Rúben Dias,4-1-4-1,4-3-3,Robert Jones,2024-10-30_20:15 (21:15)_Manchester City_Tottenham
449,2024-11-05,Manchester City,20:00 ,Champions Lg,League phase,Tue,Away,L,1,4,pt Sporting CP,2.1,2.9,72.0,47453.0,Bernardo Silva,4-1-4-1,3-4-3,Daniel Siebert,2024-11-05_20:00 (21:00)_Manchester City_pt Sporting CP
450,2024-11-23,Manchester City,17:30 ,Premier League,Matchweek 12,Sat,Home,L,0,4,Tottenham,2.1,2.5,58.0,52478.0,Kyle Walker,4-3-3,4-3-3,John Brooks,2024-11-23_17:30 (18:30)_Manchester City_Tottenham
451,2024-11-26,Manchester City,20:00 ,Champions Lg,League phase,Tue,Home,D,3,3,nl Feyenoord,2.1,2.2,63.0,47011.0,Bernardo Silva,4-2-3-1,4-3-3,Radu Petrescu,2024-11-26_20:00 (21:00)_Manchester City_nl Feyenoord
452,2024-12-04,Manchester City,19:30 ,Premier League,Matchweek 14,Wed,Home,W,3,0,Nott'ham Forest,2.4,1.0,66.0,51764.0,Kevin De Bruyne,4-2-3-1,4-2-3-1,Michael Oliver,2024-12-04_19:30 (20:30)_Manchester City_Nott'ham Forest
453,2024-12-11,Manchester City,21:00,Champions Lg,League phase,Wed,Away,L,0,2,it Juventus,1.2,1.1,69.0,40890.0,Kyle Walker,4-2-3-1,4-2-3-1,Clément Turpin,2024-12-11_21:00_Manchester City_it Juventus
454,2024-12-15,Manchester City,16:30 ,Premier League,Matchweek 16,Sun,Home,L,1,2,Manchester Utd,0.9,2.1,52.0,53184.0,Kyle Walker,4-1-4-1,3-4-3,Anthony Taylor,2024-12-15_16:30 (17:30)_Manchester City_Manchester Utd
455,2025-01-04,Manchester City,15:00 ,Premier League,Matchweek 20,Sat,Home,W,4,1,West Ham,1.9,1.4,56.0,52737.0,Kevin De Bruyne,4-1-4-1,4-2-3-1,Michael Salisbury,2025-01-04_15:00 (16:00)_Manchester City_West Ham
456,2025-01-11,Manchester City,17:45 ,FA Cup,Third round proper,Sat,Home,W,8,0,Salford City,0.0,0.0,62.79,52056.0,İlkay Gündoğan,3-4-3,3-1-4-2,Joshua Smith,2025-01-11_17:45 (18:45)_Manchester City_Salford City
457,2025-01-22,Manchester City,21:00,Champions Lg,League phase,Wed,Away,L,2,4,fr Paris S-G,1.7,2.8,37.0,47818.0,Kevin De Bruyne,4-2-3-1,4-3-3,Szymon Marciniak,2025-01-22_21:00_Manchester City_fr Paris S-G
458,2025-01-29,Manchester City,20:00 ,Champions Lg,League phase,Wed,Home,W,3,1,be Club Brugge,2.0,1.1,73.0,51237.0,Kevin De Bruyne,4-2-3-1,4-2-3-1,Jose Maria Sánchez,2025-01-29_20:00 (21:00)_Manchester City_be Club Brugge
459,2025-02-08,Manchester City,12:15 ,FA Cup,Fourth round proper,Sat,Away,W,2,1,Leyton Orient,0.0,0.0,73.0,8749.0,Rúben Dias,4-2-3-1,4-2-3-1,Darren Bond,2025-02-08_12:15 (13:15)_Leyton Orient_Manchester City
460,2025-02-11,Manchester City,20:00 ,Champions Lg,Knockout phase play-offs,Tue,Home,L,2,3,es Real Madrid,1.5,3.2,54.0,52081.0,Kevin De Bruyne,4-1-4-1,4-4-2,Clément Turpin,2025-02-11_20:00 (21:00)_Manchester City_es Real Madrid
461,2025-02-15,Manchester City,15:00 ,Premier League,Matchweek 25,Sat,Home,W,4,0,Newcastle Utd,1.9,0.5,61.0,52479.0,Erling Haaland,4-2-3-1,4-3-3,Andy Madley,2025-02-15_15:00 (16:00)_Manchester City_Newcastle Utd
462,2025-02-19,Manchester City,21:00,Champions Lg,Knockout phase play-offs,Wed,Away,L,1,3,es Real Madrid,1.3,1.8,52.0,77023.0,Rúben Dias,4-1-2-1-2,4-4-2,István Kovács,2025-02-19_21:00_Manchester City_es Real Madrid
463,2025-02-26,Manchester City,19:30,Premier League,Matchweek 27,Wed,Away,W,1,0,Tottenham,2.1,1.3,45.0,60820.0,Rúben Dias,4-2-3-1,4-3-3,Jarred Gillett,2025-02-26_19:30_Manchester City_Tottenham
464,2025-03-01,Manchester City,17:45,FA Cup,Fifth round proper,Sat,Home,W,3,1,Plymouth Argyle,0.0,0.0,73.0,50044.0,Kevin De Bruyne,4-1-4-1,5-4-1,Craig Pawson,2025-03-01_17:45_Manchester City_Plymouth Argyle
465,2025-03-08,Manchester City,12:30,Premier League,Matchweek 28,Sat,Away,L,0,1,Nott'ham Forest,0.9,0.7,69.0,30252.0,Rúben Dias,4-1-4-1,4-2-3-1,Chris Kavanagh,2025-03-08_12:30_Manchester City_Nott'ham Forest
466,2025-04-06,Manchester City,16:30,Premier League,Matchweek 31,Sun,Away,D,0,0,Manchester Utd,0.5,0.9,58.0,73738.0,Kevin De Bruyne,4-1-2-1-2,3-4-3,John Brooks,2025-04-06_16:30_Manchester City_Manchester Utd
467,2025-04-27,Manchester City,16:30,FA Cup,Semi-finals,Sun,Away,W,2,0,Nott'ham Forest,0.0,0.0,67.0,72976.0,Rúben Dias,4-3-1-2,4-4-2,Michael Oliver,2025-04-27_16:30_Manchester City_Nott'ham Forest
468,2025-05-02,Manchester City,20:00,Premier League,Matchweek 35,Fri,Home,W,1,0,Wolves,0.7,0.4,63.0,53282.0,Kevin De Bruyne,4-2-3-1,3-4-3,Peter Bankes,2025-05-02_20:00_Manchester City_Wolves
469,2025-05-10,Manchester City,15:00,Premier League,Matchweek 36,Sat,Away,D,0,0,Southampton,1.7,0.1,72.0,30937.0,Kevin De Bruyne,4-2-3-1,3-4-3,Tim Robinson,2025-05-10_15:00_Manchester City_Southampton
470,2024-09-14,Manchester Utd,12:30,Premier League,Matchweek 4,Sat,Away,W,3,0,Southampton,2.6,1.1,56.0,31144.0,Bruno Fernandes,4-2-3-1,4-2-3-1,Stuart Attwell,2024-09-14_12:30_Manchester Utd_Southampton
471,2024-09-17,Manchester Utd,20:00,EFL Cup,Third round,Tue,Home,W,7,0,Barnsley,0.0,0.0,65.0,72063.0,Casemiro,4-2-3-1,5-3-2,Gavin Ward,2024-09-17_20:00_Barnsley_Manchester Utd
472,2024-09-25,Manchester Utd,20:00,Europa Lg,League phase,Wed,Home,D,1,1,nl Twente,1.3,0.5,57.0,73069.0,Bruno Fernandes,4-2-3-1,4-2-3-1,Simone Sozza,2024-09-25_20:00_Manchester Utd_nl Twente
473,2024-09-29,Manchester Utd,16:30,Premier League,Matchweek 6,Sun,Home,L,0,3,Tottenham,1.0,4.4,39.0,73587.0,Bruno Fernandes,4-2-3-1,4-3-3,Chris Kavanagh,2024-09-29_16:30_Manchester Utd_Tottenham
474,2024-10-03,Manchester Utd,20:00,Europa Lg,League phase,Thu,Away,D,3,3,pt Porto,1.6,2.1,53.0,49211.0,Bruno Fernandes,4-2-3-1,4-3-3,Tobias Stieler,2024-10-03_20:00_Manchester Utd_pt Porto
475,2024-10-24,Manchester Utd,22:00 ,Europa Lg,League phase,Thu,Away,D,1,1,tr Fenerbahçe,1.1,1.3,48.0,41443.0,Lisandro Martínez,4-2-3-1,4-3-3,Clément Turpin,2024-10-24_22:00 (20:00)_Manchester Utd_tr Fenerbahçe
476,2024-10-27,Manchester Utd,14:00 ,Premier League,Matchweek 9,Sun,Away,L,1,2,West Ham,2.3,2.8,58.0,62474.0,Bruno Fernandes,4-2-3-1,4-2-3-1,David Coote,2024-10-27_14:00 (15:00)_Manchester Utd_West Ham
477,2024-11-07,Manchester Utd,20:00 ,Europa Lg,League phase,Thu,Home,W,2,0,gr PAOK,1.1,1.3,52.0,73174.0,Bruno Fernandes,4-2-3-1,4-2-3-1,Radu Petrescu,2024-11-07_20:00 (21:00)_Manchester Utd_gr PAOK
478,2024-11-28,Manchester Utd,20:00 ,Europa Lg,League phase,Thu,Home,W,3,2,no Bodø/Glimt,2.9,0.8,72.0,72985.0,Bruno Fernandes,3-4-3,4-3-3,Lawrence Visser,2024-11-28_20:00 (21:00)_Manchester Utd_no Bodø/Glimt
479,2024-12-07,Manchester Utd,17:30 ,Premier League,Matchweek 15,Sat,Home,L,2,3,Nott'ham Forest,1.6,0.8,71.0,73778.0,Bruno Fernandes,3-4-3,4-2-3-1,Darren England,2024-12-07_17:30 (18:30)_Manchester Utd_Nott'ham Forest
480,2024-12-12,Manchester Utd,18:45,Europa Lg,League phase,Thu,Away,W,2,1,cz Viktoria Plzeň,2.9,0.9,68.0,11320.0,Bruno Fernandes,3-4-3,3-4-3,Marian Barbu,2024-12-12_18:45_Manchester Utd_cz Viktoria Plzeň
481,2024-12-19,Manchester Utd,20:00 ,EFL Cup,Quarter-finals,Thu,Away,L,3,4,Tottenham,0.0,0.0,54.0,57409.0,Bruno Fernandes,3-4-3,4-2-3-1,John Brooks,2024-12-19_20:00 (21:00)_Manchester Utd_Tottenham
482,2024-12-26,Manchester Utd,17:30 ,Premier League,Matchweek 18,Thu,Away,L,0,2,Wolves,0.4,0.9,49.0,31407.0,Bruno Fernandes,3-4-3,3-4-3,Tony Harrington,2024-12-26_17:30 (18:30)_Manchester Utd_Wolves
483,2024-12-30,Manchester Utd,20:00 ,Premier League,Matchweek 19,Mon,Home,L,0,2,Newcastle Utd,0.8,1.9,52.0,73809.0,Lisandro Martínez,3-4-3,4-3-3,Simon Hooper,2024-12-30_20:00 (21:00)_Manchester Utd_Newcastle Utd
484,2025-01-16,Manchester Utd,20:00 ,Premier League,Matchweek 21,Thu,Home,W,3,1,Southampton,3.4,1.4,60.0,73722.0,Bruno Fernandes,3-4-3,3-4-1-2,John Brooks,2025-01-16_20:00 (21:00)_Manchester Utd_Southampton
485,2025-01-23,Manchester Utd,20:00 ,Europa Lg,League phase,Thu,Home,W,2,1,sct Rangers,2.7,1.2,66.0,73288.0,Bruno Fernandes,3-4-3,4-2-3-1,Erik Lambrechts,2025-01-23_20:00 (21:00)_Manchester Utd_sct Rangers
486,2025-01-30,Manchester Utd,22:00 ,Europa Lg,League phase,Thu,Away,W,2,0,ro FCSB,2.9,0.6,69.0,50128.0,Bruno Fernandes,3-4-3,5-3-2,Harm Osmers,2025-01-30_22:00 (21:00)_Manchester Utd_ro FCSB
487,2025-02-16,Manchester Utd,16:30 ,Premier League,Matchweek 25,Sun,Away,L,0,1,Tottenham,1.5,2.2,45.0,61383.0,Bruno Fernandes,3-4-3,4-3-3,Peter Bankes,2025-02-16_16:30 (17:30)_Manchester Utd_Tottenham
488,2025-03-06,Manchester Utd,18:45 ,Europa Lg,Round of 16,Thu,Away,D,1,1,es Real Sociedad,1.1,1.4,45.0,34391.0,Bruno Fernandes,3-4-3,4-3-3,Ivan Kružliak,2025-03-06_18:45 (17:45)_Manchester Utd_es Real Sociedad
489,2025-03-13,Manchester Utd,20:00,Europa Lg,Round of 16,Thu,Home,W,4,1,es Real Sociedad,4.2,1.0,59.0,73189.0,Bruno Fernandes,3-4-3,4-3-3,Benoît Bastien,2025-03-13_20:00_Manchester Utd_es Real Sociedad
490,2025-04-01,Manchester Utd,20:00 ,Premier League,Matchweek 30,Tue,Away,L,0,1,Nott'ham Forest,1.6,0.5,68.0,30249.0,Bruno Fernandes,3-4-3,4-2-3-1,Jarred Gillett,2025-04-01_20:00 (19:00)_Manchester Utd_Nott'ham Forest
491,2025-04-10,Manchester Utd,21:00 ,Europa Lg,Quarter-finals,Thu,Away,D,2,2,fr Lyon,1.2,1.8,46.0,58018.0,Bruno Fernandes,3-4-3,4-3-1-2,Glenn Nyberg,2025-04-10_21:00 (20:00)_Manchester Utd_fr Lyon
492,2025-04-13,Manchester Utd,16:30,Premier League,Matchweek 32,Sun,Away,L,1,4,Newcastle Utd,0.7,2.2,52.0,52252.0,Bruno Fernandes,3-4-3,4-3-3,Chris Kavanagh,2025-04-13_16:30_Manchester Utd_Newcastle Utd
493,2025-04-17,Manchester Utd,20:00,Europa Lg,Quarter-finals,Thu,Home,W,5,4,fr Lyon,3.4,2.5,41.0,73228.0,Bruno Fernandes,3-4-3,4-3-1-2,Sandro Schärer,2025-04-17_20:00_Manchester Utd_fr Lyon
494,2025-04-20,Manchester Utd,14:00,Premier League,Matchweek 33,Sun,Home,L,0,1,Wolves,1.3,0.2,59.0,73819.0,Victor Lindelöf,3-4-3,3-4-3,Robert Jones,2025-04-20_14:00_Manchester Utd_Wolves
495,2025-05-01,Manchester Utd,21:00 ,Europa Lg,Semi-finals,Thu,Away,W,3,0,es Athletic Club,2.5,1.1,72.0,51980.0,Bruno Fernandes,3-4-3,4-2-3-1,Espen Eskås,2025-05-01_21:00 (20:00)_Manchester Utd_es Athletic Club
496,2025-05-08,Manchester Utd,20:00,Europa Lg,Semi-finals,Thu,Home,W,4,1,es Athletic Club,2.2,0.8,51.0,73298.0,Bruno Fernandes,3-4-3,4-2-3-1,Daniel Siebert,2025-05-08_20:00_Manchester Utd_es Athletic Club
497,2025-05-11,Manchester Utd,14:15,Premier League,Matchweek 36,Sun,Home,L,0,2,West Ham,2.1,1.7,52.0,73804.0,Bruno Fernandes,3-4-3,3-4-1-2,Jarred Gillett,2025-05-11_14:15_Manchester Utd_West Ham
498,2025-05-21,Manchester Utd,21:00 ,Europa Lg,Final,Wed,Neutral,L,0,1,eng Tottenham,1.0,1.0,72.0,49924.0,Bruno Fernandes,3-4-3,4-2-3-1,Felix Zwayer,2025-05-21_21:00 (20:00)_Manchester Utd_eng Tottenham
499,2024-08-17,Newcastle Utd,15:00,Premier League,Matchweek 1,Sat,Home,W,1,0,Southampton,0.3,1.8,23.0,52196.0,Bruno Guimarães,4-3-3,3-5-2,Craig Pawson,2024-08-17_15:00_Newcastle Utd_Southampton
500,2024-08-28,Newcastle Utd,20:00,EFL Cup,Second round,Wed,Away,D,1 (4),1 (3),Nott'ham Forest,0.0,0.0,59.0,23083.0,Kieran Trippier,4-3-3,3-4-1-2,Samuel Allison,2024-08-28_20:00_Newcastle Utd_Nott'ham Forest
501,2024-09-01,Newcastle Utd,13:30,Premier League,Matchweek 3,Sun,Home,W,2,1,Tottenham,1.8,1.2,35.0,52211.0,Bruno Guimarães,4-3-3,4-2-3-1,Robert Jones,2024-09-01_13:30_Newcastle Utd_Tottenham
502,2024-09-15,Newcastle Utd,16:30,Premier League,Matchweek 4,Sun,Away,W,2,1,Wolves,1.5,1.2,51.0,30255.0,Bruno Guimarães,4-3-3,4-4-1-1,Chris Kavanagh,2024-09-15_16:30_Newcastle Utd_Wolves
503,2024-10-01,Newcastle Utd,19:45,EFL Cup,Third round,Tue,Home,W,1,0,AFC Wimbledon,0.0,0.0,78.0,51739.0,Fabian Schär,4-3-3,3-5-2,Darren Bond,2024-10-01_19:45_AFC Wimbledon_Newcastle Utd
504,2024-11-10,Newcastle Utd,14:00 ,Premier League,Matchweek 11,Sun,Away,W,3,1,Nott'ham Forest,1.6,0.6,56.0,30145.0,Bruno Guimarães,4-3-3,4-2-3-1,Anthony Taylor,2024-11-10_14:00 (15:00)_Newcastle Utd_Nott'ham Forest
505,2024-11-25,Newcastle Utd,20:00 ,Premier League,Matchweek 12,Mon,Home,L,0,2,West Ham,1.6,0.9,53.0,52094.0,Bruno Guimarães,4-3-3,4-2-3-1,Craig Pawson,2024-11-25_20:00 (21:00)_Newcastle Utd_West Ham
506,2025-01-04,Newcastle Utd,12:30 ,Premier League,Matchweek 20,Sat,Away,W,2,1,Tottenham,2.5,0.9,44.0,61293.0,Bruno Guimarães,4-3-3,4-2-3-1,Andy Madley,2025-01-04_12:30 (13:30)_Newcastle Utd_Tottenham
507,2025-01-12,Newcastle Utd,15:00 ,FA Cup,Third round proper,Sun,Home,W,3,1,Bromley,0.0,0.0,50.72,52088.0,Kieran Trippier,4-3-3,3-4-3,Will Finnie,2025-01-12_15:00 (16:00)_Bromley_Newcastle Utd
508,2025-01-15,Newcastle Utd,19:30 ,Premier League,Matchweek 21,Wed,Home,W,3,0,Wolves,2.1,1.6,60.0,51975.0,Bruno Guimarães,4-3-3,3-4-3,Darren England,2025-01-15_19:30 (20:30)_Newcastle Utd_Wolves
509,2025-01-25,Newcastle Utd,15:00 ,Premier League,Matchweek 23,Sat,Away,W,3,1,Southampton,2.9,0.8,47.0,31141.0,Bruno Guimarães,4-3-3,3-4-1-2,Samuel Barrott,2025-01-25_15:00 (16:00)_Newcastle Utd_Southampton
510,2025-02-08,Newcastle Utd,17:45 ,FA Cup,Fourth round proper,Sat,Away,W,3,2,Birmingham City,0.0,0.0,63.0,27994.0,Bruno Guimarães,4-3-3,4-2-3-1,Matt Donohue,2025-02-08_17:45 (18:45)_Birmingham City_Newcastle Utd
511,2025-02-23,Newcastle Utd,14:00,Premier League,Matchweek 26,Sun,Home,W,4,3,Nott'ham Forest,2.9,1.7,57.0,52223.0,Bruno Guimarães,4-3-3,4-2-3-1,Jarred Gillett,2025-02-23_14:00_Newcastle Utd_Nott'ham Forest
512,2025-03-10,Newcastle Utd,20:00,Premier League,Matchweek 28,Mon,Away,W,1,0,West Ham,1.4,0.7,49.0,62463.0,Bruno Guimarães,4-3-3,3-5-2,Michael Salisbury,2025-03-10_20:00_Newcastle Utd_West Ham
513,2024-08-24,Nott'ham Forest,15:00,Premier League,Matchweek 2,Sat,Away,W,1,0,Southampton,2.2,0.1,36.0,31150.0,Morgan Gibbs-White,4-2-3-1,3-5-2,Samuel Barrott,2024-08-24_15:00_Nott'ham Forest_Southampton
514,2024-08-31,Nott'ham Forest,15:00,Premier League,Matchweek 3,Sat,Home,D,1,1,Wolves,1.0,0.7,52.0,29918.0,Morgan Gibbs-White,4-2-3-1,4-4-1-1,Simon Hooper,2024-08-31_15:00_Nott'ham Forest_Wolves
515,2024-11-02,Nott'ham Forest,15:00 ,Premier League,Matchweek 10,Sat,Home,W,3,0,West Ham,2.2,0.1,54.0,30112.0,Ryan Yates,4-2-3-1,3-4-3,Peter Bankes,2024-11-02_15:00 (16:00)_Nott'ham Forest_West Ham
516,2024-12-26,Nott'ham Forest,15:00 ,Premier League,Matchweek 18,Thu,Home,W,1,0,Tottenham,1.1,0.9,30.0,30200.0,Ryan Yates,4-2-3-1,4-2-3-1,Craig Pawson,2024-12-26_15:00 (16:00)_Nott'ham Forest_Tottenham
517,2025-01-06,Nott'ham Forest,20:00 ,Premier League,Matchweek 20,Mon,Away,W,3,0,Wolves,2.1,1.5,40.0,29940.0,Morgan Gibbs-White,4-2-3-1,3-4-3,Peter Bankes,2025-01-06_20:00 (21:00)_Nott'ham Forest_Wolves
518,2025-01-11,Nott'ham Forest,15:00 ,FA Cup,Third round proper,Sat,Home,W,2,0,Luton Town,0.0,0.0,42.3,29445.0,Ryan Yates,3-4-3,4-2-3-1,Darren England,2025-01-11_15:00 (16:00)_Luton Town_Nott'ham Forest
519,2025-01-19,Nott'ham Forest,14:00 ,Premier League,Matchweek 22,Sun,Home,W,3,2,Southampton,1.8,0.9,45.0,30180.0,Morgan Gibbs-White,4-2-3-1,3-4-1-2,Anthony Taylor,2025-01-19_14:00 (15:00)_Nott'ham Forest_Southampton
520,2025-02-11,Nott'ham Forest,20:00 ,FA Cup,Fourth round proper,Tue,Away,D,2 (4),2 (2),Exeter City,0.0,0.0,77.0,8330.0,Ryan Yates,4-2-3-1,5-4-1,Andrew Kitchen,2025-02-11_20:00 (21:00)_Exeter City_Nott'ham Forest
521,2025-04-21,Nott'ham Forest,20:00,Premier League,Matchweek 33,Mon,Away,W,2,1,Tottenham,0.5,2.1,31.0,59314.0,Morgan Gibbs-White,4-2-2-2,4-3-3,Peter Bankes,2025-04-21_20:00_Nott'ham Forest_Tottenham
522,2025-05-18,Nott'ham Forest,14:15,Premier League,Matchweek 37,Sun,Away,W,2,1,West Ham,1.9,1.1,40.0,62466.0,Morgan Gibbs-White,4-3-1-2,3-4-1-2,Samuel Barrott,2025-05-18_14:15_Nott'ham Forest_West Ham
523,2024-08-28,Southampton,19:45,EFL Cup,Second round,Wed,Away,W,5,3,Cardiff City,0.0,0.0,73.0,7225.0,Charlie Taylor,4-3-3,4-2-3-1,Inconnu,2024-08-28_19:45_Cardiff City_Southampton
524,2024-10-29,Southampton,19:45 ,EFL Cup,Fourth round,Tue,Home,W,3,2,Stoke City,0.0,0.0,78.0,16092.0,Adam Armstrong,4-3-3,5-4-1,Lewis Smith,2024-10-29_19:45 (20:45)_Southampton_Stoke City
525,2024-11-09,Southampton,15:00 ,Premier League,Matchweek 11,Sat,Away,L,0,2,Wolves,0.6,1.3,71.0,31403.0,Jack Stephens,5-4-1,4-2-3-1,Thomas Bramall,2024-11-09_15:00 (16:00)_Southampton_Wolves
526,2024-12-15,Southampton,19:00 ,Premier League,Matchweek 16,Sun,Home,L,0,5,Tottenham,0.8,2.3,42.0,31090.0,Adam Armstrong,4-3-1-2,4-2-3-1,Darren England,2024-12-15_19:00 (20:00)_Southampton_Tottenham
527,2024-12-26,Southampton,15:00 ,Premier League,Matchweek 18,Thu,Home,L,0,1,West Ham,1.4,1.7,54.0,31059.0,Jan Bednarek,3-4-1-2,4-1-4-1,Lewis Smith,2024-12-26_15:00 (16:00)_Southampton_West Ham
528,2025-01-12,Southampton,16:30 ,FA Cup,Third round proper,Sun,Home,W,3,0,Swansea City,0.0,0.0,50.19,12120.0,Jan Bednarek,3-4-1-2,4-2-3-1,Tony Harrington,2025-01-12_16:30 (17:30)_Southampton_Swansea City
529,2025-02-08,Southampton,15:00 ,FA Cup,Fourth round proper,Sat,Home,L,0,1,Burnley,0.0,0.0,58.0,15253.0,Jan Bednarek,3-4-1-2,5-4-1,Will Finnie,2025-02-08_15:00 (16:00)_Burnley_Southampton
530,2025-03-15,Southampton,15:00,Premier League,Matchweek 29,Sat,Home,L,1,2,Wolves,1.3,0.4,60.0,30950.0,Aaron Ramsdale,3-4-3,3-4-3,Robert Jones,2025-03-15_15:00_Southampton_Wolves
531,2025-04-06,Southampton,14:00,Premier League,Matchweek 31,Sun,Away,L,1,3,Tottenham,1.0,2.1,49.0,60984.0,Jan Bednarek,4-2-3-1,4-3-3,Michael Salisbury,2025-04-06_14:00_Southampton_Tottenham
532,2025-04-19,Southampton,15:00,Premier League,Matchweek 33,Sat,Away,D,1,1,West Ham,0.6,0.9,48.0,62461.0,Jack Stephens,3-4-3,4-2-3-1,Andrew Kitchen,2025-04-19_15:00_Southampton_West Ham
533,2024-09-18,Tottenham,20:00,EFL Cup,Third round,Wed,Away,W,2,1,Coventry City,0.0,0.0,70.0,24616.0,Ben Davies,4-3-3,4-2-3-1,Darren England,2024-09-18_20:00_Coventry City_Tottenham
534,2024-09-26,Tottenham,20:00,Europa Lg,League phase,Thu,Home,W,3,0,az Qarabağ,1.4,2.2,49.0,51757.0,Son Heung-min,4-3-3,4-2-3-1,Willy Delajod,2024-09-26_20:00_Tottenham_az Qarabağ
535,2024-10-03,Tottenham,18:45 ,Europa Lg,League phase,Thu,Away,W,2,1,hu Ferencváros,1.3,1.3,58.0,20795.0,Cristian Romero,4-3-3,4-2-3-1,Igor Pajač,2024-10-03_18:45 (17:45)_Tottenham_hu Ferencváros
536,2024-10-19,Tottenham,12:30,Premier League,Matchweek 8,Sat,Home,W,4,1,West Ham,1.9,0.8,57.0,61381.0,Son Heung-min,4-3-3,4-1-4-1,Andy Madley,2024-10-19_12:30_Tottenham_West Ham
537,2024-10-24,Tottenham,20:00,Europa Lg,League phase,Thu,Home,W,1,0,nl AZ Alkmaar,1.9,0.4,59.0,53438.0,James Maddison,4-3-3,4-3-3,Manfredas Lukjančukas,2024-10-24_20:00_Tottenham_nl AZ Alkmaar
538,2024-11-07,Tottenham,20:45 ,Europa Lg,League phase,Thu,Away,L,2,3,tr Galatasaray,1.9,2.9,46.0,51739.0,Son Heung-min,4-3-3,3-4-1-2,Lawrence Visser,2024-11-07_20:45 (18:45)_Tottenham_tr Galatasaray
539,2024-11-28,Tottenham,20:00 ,Europa Lg,League phase,Thu,Home,D,2,2,it Roma,3.2,2.1,49.0,53378.0,Son Heung-min,4-3-3,3-4-3,Glenn Nyberg,2024-11-28_20:00 (21:00)_Tottenham_it Roma
540,2024-12-12,Tottenham,20:00 ,Europa Lg,League phase,Thu,Away,D,1,1,sct Rangers,1.0,1.3,58.0,48064.0,Son Heung-min,4-2-3-1,4-2-3-1,Sandro Schärer,2024-12-12_20:00 (21:00)_Tottenham_sct Rangers
541,2024-12-29,Tottenham,15:00 ,Premier League,Matchweek 19,Sun,Home,D,2,2,Wolves,2.2,0.7,48.0,61284.0,Son Heung-min,4-2-3-1,3-4-3,Chris Kavanagh,2024-12-29_15:00 (16:00)_Tottenham_Wolves
542,2025-01-12,Tottenham,12:30 ,FA Cup,Third round proper,Sun,Away,W,3,0,Tamworth,0.0,0.0,52.75,3720.0,James Maddison,4-3-3,4-2-3-1,Peter Bankes,2025-01-12_12:30 (13:30)_Tamworth_Tottenham
543,2025-01-23,Tottenham,18:45,Europa Lg,League phase,Thu,Away,W,3,2,de Hoffenheim,1.8,2.5,44.0,30150.0,Son Heung-min,4-3-3,4-2-2-2,Morten Krogh,2025-01-23_18:45_Tottenham_de Hoffenheim
544,2025-01-30,Tottenham,20:00 ,Europa Lg,League phase,Thu,Home,W,3,0,se Elfsborg,1.5,0.4,80.0,57337.0,Son Heung-min,4-3-3,3-4-3,Sebastian Gishamer,2025-01-30_20:00 (21:00)_Tottenham_se Elfsborg
545,2025-03-06,Tottenham,18:45 ,Europa Lg,Round of 16,Thu,Away,L,0,1,nl AZ Alkmaar,0.5,1.6,61.0,18281.0,Son Heung-min,4-3-3,4-2-3-1,Rade Obrenović,2025-03-06_18:45 (17:45)_Tottenham_nl AZ Alkmaar
546,2025-03-13,Tottenham,20:00,Europa Lg,Round of 16,Thu,Home,W,3,1,nl AZ Alkmaar,2.1,1.2,59.0,58302.0,Son Heung-min,4-3-3,4-2-3-1,João Pinheiro,2025-03-13_20:00_Tottenham_nl AZ Alkmaar
547,2025-04-10,Tottenham,20:00,Europa Lg,Quarter-finals,Thu,Home,D,1,1,de Eint Frankfurt,0.9,0.3,56.0,57849.0,Son Heung-min,4-3-3,4-2-3-1,Szymon Marciniak,2025-04-10_20:00_Tottenham_de Eint Frankfurt
548,2025-04-13,Tottenham,14:00,Premier League,Matchweek 32,Sun,Away,L,2,4,Wolves,2.0,2.4,63.0,31463.0,Cristian Romero,4-3-3,3-4-3,Anthony Taylor,2025-04-13_14:00_Tottenham_Wolves
549,2025-04-17,Tottenham,21:00 ,Europa Lg,Quarter-finals,Thu,Away,W,1,0,de Eint Frankfurt,1.5,0.9,39.0,57500.0,Cristian Romero,4-3-3,4-2-3-1,Davide Massa,2025-04-17_21:00 (20:00)_Tottenham_de Eint Frankfurt
550,2025-05-01,Tottenham,20:00,Europa Lg,Semi-finals,Thu,Home,W,3,1,no Bodø/Glimt,3.0,0.3,42.0,61327.0,Cristian Romero,4-3-3,4-3-3,Jose Maria Sánchez,2025-05-01_20:00_Tottenham_no Bodø/Glimt
551,2025-05-04,Tottenham,14:00,Premier League,Matchweek 35,Sun,Away,D,1,1,West Ham,0.8,0.8,45.0,62468.0,Guglielmo Vicario,4-3-3,3-4-3,Michael Oliver,2025-05-04_14:00_Tottenham_West Ham
552,2025-05-08,Tottenham,21:00 ,Europa Lg,Semi-finals,Thu,Away,W,2,0,no Bodø/Glimt,0.7,0.5,33.0,8030.0,Cristian Romero,4-2-3-1,4-3-3,Maurizio Mariani,2025-05-08_21:00 (20:00)_Tottenham_no Bodø/Glimt
553,2025-05-21,Tottenham,21:00 ,Europa Lg,Final,Wed,Neutral,W,1,0,eng Manchester Utd,1.0,1.0,28.0,49924.0,Cristian Romero,4-2-3-1,3-4-3,Felix Zwayer,2025-05-21_21:00 (20:00)_Tottenham_eng Manchester Utd
554,2024-12-09,West Ham,20:00 ,Premier League,Matchweek 15,Mon,Home,W,2,1,Wolves,1.0,1.4,54.0,62474.0,Jarrod Bowen,4-2-3-1,3-4-3,John Brooks,2024-12-09_20:00 (21:00)_West Ham_Wolves
555,2025-04-01,West Ham,19:45 ,Premier League,Matchweek 30,Tue,Away,L,0,1,Wolves,1.3,1.2,58.0,29587.0,Jarrod Bowen,3-4-3,3-4-3,Tony Harrington,2025-04-01_19:45 (18:45)_West Ham_Wolves
556,2024-08-28,Wolves,19:30,EFL Cup,Second round,Wed,Home,W,2,0,Burnley,0.0,0.0,50.0,19236.0,Craig Dawson,4-2-3-1,4-4-1-1,Joshua Smith,2024-08-28_19:30_Burnley_Wolves
557,2025-01-11,Wolves,12:00 ,FA Cup,Third round proper,Sat,Away,W,2,1,Bristol City,0.0,0.0,47.86,23485.0,Matt Doherty,3-4-3,3-4-3,Robert Jones,2025-01-11_12:00 (13:00)_Bristol City_Wolves
558,2025-02-09,Wolves,12:30 ,FA Cup,Fourth round proper,Sun,Away,W,2,0,Blackburn,0.0,0.0,53.0,15141.0,Nélson Semedo,3-4-3,4-2-3-1,Lewis Smith,2025-02-09_12:30 (13:30)_Blackburn_Wolves
